IdFeedBack,Prediction
S01_Sess01_FB001,0.768
S01_Sess01_FB002,0.69
S01_Sess01_FB003,0.552
S01_Sess01_FB004,0.934
S01_Sess01_FB005,0.552
S01_Sess01_FB006,0.722
S01_Sess01_FB007,0.794
S01_Sess01_FB008,0.56
S01_Sess01_FB009,0.95
S01_Sess01_FB010,0.74
S01_Sess01_FB011,0.506
S01_Sess01_FB012,0.63
S01_Sess01_FB013,0.702
S01_Sess01_FB014,0.652
S01_Sess01_FB015,0.752
S01_Sess01_FB016,0.694
S01_Sess01_FB017,0.784
S01_Sess01_FB018,0.73
S01_Sess01_FB019,0.642
S01_Sess01_FB020,0.544
S01_Sess01_FB021,0.56
S01_Sess01_FB022,0.648
S01_Sess01_FB023,0.802
S01_Sess01_FB024,0.788
S01_Sess01_FB025,0.842
S01_Sess01_FB026,0.798
S01_Sess01_FB027,0.684
S01_Sess01_FB028,0.662
S01_Sess01_FB029,0.748
S01_Sess01_FB030,0.744
S01_Sess01_FB031,0.688
S01_Sess01_FB032,0.62
S01_Sess01_FB033,0.802
S01_Sess01_FB034,0.776
S01_Sess01_FB035,0.776
S01_Sess01_FB036,0.686
S01_Sess01_FB037,0.678
S01_Sess01_FB038,0.624
S01_Sess01_FB039,0.612
S01_Sess01_FB040,0.704
S01_Sess01_FB041,0.716
S01_Sess01_FB042,0.802
S01_Sess01_FB043,0.63
S01_Sess01_FB044,0.632
S01_Sess01_FB045,0.728
S01_Sess01_FB046,0.686
S01_Sess01_FB047,0.79
S01_Sess01_FB048,0.652
S01_Sess01_FB049,0.746
S01_Sess01_FB050,0.632
S01_Sess01_FB051,0.8
S01_Sess01_FB052,0.668
S01_Sess01_FB053,0.72
S01_Sess01_FB054,0.798
S01_Sess01_FB055,0.678
S01_Sess01_FB056,0.59
S01_Sess01_FB057,0.798
S01_Sess01_FB058,0.738
S01_Sess01_FB059,0.642
S01_Sess01_FB060,0.8
S01_Sess02_FB001,0.692
S01_Sess02_FB002,0.846
S01_Sess02_FB003,0.75
S01_Sess02_FB004,0.718
S01_Sess02_FB005,0.722
S01_Sess02_FB006,0.726
S01_Sess02_FB007,0.666
S01_Sess02_FB008,0.566
S01_Sess02_FB009,0.692
S01_Sess02_FB010,0.71
S01_Sess02_FB011,0.636
S01_Sess02_FB012,0.696
S01_Sess02_FB013,0.744
S01_Sess02_FB014,0.746
S01_Sess02_FB015,0.846
S01_Sess02_FB016,0.754
S01_Sess02_FB017,0.754
S01_Sess02_FB018,0.622
S01_Sess02_FB019,0.606
S01_Sess02_FB020,0.752
S01_Sess02_FB021,0.688
S01_Sess02_FB022,0.604
S01_Sess02_FB023,0.634
S01_Sess02_FB024,0.696
S01_Sess02_FB025,0.646
S01_Sess02_FB026,0.76
S01_Sess02_FB027,0.782
S01_Sess02_FB028,0.7
S01_Sess02_FB029,0.62
S01_Sess02_FB030,0.574
S01_Sess02_FB031,0.606
S01_Sess02_FB032,0.696
S01_Sess02_FB033,0.71
S01_Sess02_FB034,0.862
S01_Sess02_FB035,0.74
S01_Sess02_FB036,0.798
S01_Sess02_FB037,0.43
S01_Sess02_FB038,0.66
S01_Sess02_FB039,0.702
S01_Sess02_FB040,0.764
S01_Sess02_FB041,0.612
S01_Sess02_FB042,0.626
S01_Sess02_FB043,0.656
S01_Sess02_FB044,0.66
S01_Sess02_FB045,0.672
S01_Sess02_FB046,0.698
S01_Sess02_FB047,0.612
S01_Sess02_FB048,0.718
S01_Sess02_FB049,0.68
S01_Sess02_FB050,0.432
S01_Sess02_FB051,0.742
S01_Sess02_FB052,0.692
S01_Sess02_FB053,0.612
S01_Sess02_FB054,0.85
S01_Sess02_FB055,0.568
S01_Sess02_FB056,0.668
S01_Sess02_FB057,0.454
S01_Sess02_FB058,0.61
S01_Sess02_FB059,0.706
S01_Sess02_FB060,0.776
S01_Sess03_FB001,0.68
S01_Sess03_FB002,0.574
S01_Sess03_FB003,0.664
S01_Sess03_FB004,0.746
S01_Sess03_FB005,0.714
S01_Sess03_FB006,0.576
S01_Sess03_FB007,0.56
S01_Sess03_FB008,0.616
S01_Sess03_FB009,0.756
S01_Sess03_FB010,0.702
S01_Sess03_FB011,0.674
S01_Sess03_FB012,0.726
S01_Sess03_FB013,0.588
S01_Sess03_FB014,0.704
S01_Sess03_FB015,0.548
S01_Sess03_FB016,0.772
S01_Sess03_FB017,0.74
S01_Sess03_FB018,0.772
S01_Sess03_FB019,0.562
S01_Sess03_FB020,0.754
S01_Sess03_FB021,0.672
S01_Sess03_FB022,0.666
S01_Sess03_FB023,0.776
S01_Sess03_FB024,0.56
S01_Sess03_FB025,0.592
S01_Sess03_FB026,0.718
S01_Sess03_FB027,0.76
S01_Sess03_FB028,0.334
S01_Sess03_FB029,0.73
S01_Sess03_FB030,0.888
S01_Sess03_FB031,0.816
S01_Sess03_FB032,0.584
S01_Sess03_FB033,0.532
S01_Sess03_FB034,0.45
S01_Sess03_FB035,0.572
S01_Sess03_FB036,0.542
S01_Sess03_FB037,0.722
S01_Sess03_FB038,0.714
S01_Sess03_FB039,0.62
S01_Sess03_FB040,0.812
S01_Sess03_FB041,0.73
S01_Sess03_FB042,0.484
S01_Sess03_FB043,0.782
S01_Sess03_FB044,0.632
S01_Sess03_FB045,0.56
S01_Sess03_FB046,0.764
S01_Sess03_FB047,0.564
S01_Sess03_FB048,0.714
S01_Sess03_FB049,0.688
S01_Sess03_FB050,0.666
S01_Sess03_FB051,0.574
S01_Sess03_FB052,0.686
S01_Sess03_FB053,0.826
S01_Sess03_FB054,0.874
S01_Sess03_FB055,0.676
S01_Sess03_FB056,0.668
S01_Sess03_FB057,0.734
S01_Sess03_FB058,0.672
S01_Sess03_FB059,0.742
S01_Sess03_FB060,0.798
S01_Sess04_FB001,0.718
S01_Sess04_FB002,0.722
S01_Sess04_FB003,0.508
S01_Sess04_FB004,0.676
S01_Sess04_FB005,0.778
S01_Sess04_FB006,0.678
S01_Sess04_FB007,0.674
S01_Sess04_FB008,0.628
S01_Sess04_FB009,0.492
S01_Sess04_FB010,0.63
S01_Sess04_FB011,0.506
S01_Sess04_FB012,0.598
S01_Sess04_FB013,0.646
S01_Sess04_FB014,0.622
S01_Sess04_FB015,0.496
S01_Sess04_FB016,0.614
S01_Sess04_FB017,0.678
S01_Sess04_FB018,0.734
S01_Sess04_FB019,0.558
S01_Sess04_FB020,0.796
S01_Sess04_FB021,0.61
S01_Sess04_FB022,0.73
S01_Sess04_FB023,0.754
S01_Sess04_FB024,0.418
S01_Sess04_FB025,0.604
S01_Sess04_FB026,0.674
S01_Sess04_FB027,0.704
S01_Sess04_FB028,0.752
S01_Sess04_FB029,0.658
S01_Sess04_FB030,0.824
S01_Sess04_FB031,0.612
S01_Sess04_FB032,0.712
S01_Sess04_FB033,0.518
S01_Sess04_FB034,0.57
S01_Sess04_FB035,0.67
S01_Sess04_FB036,0.686
S01_Sess04_FB037,0.562
S01_Sess04_FB038,0.604
S01_Sess04_FB039,0.642
S01_Sess04_FB040,0.614
S01_Sess04_FB041,0.628
S01_Sess04_FB042,0.654
S01_Sess04_FB043,0.75
S01_Sess04_FB044,0.754
S01_Sess04_FB045,0.524
S01_Sess04_FB046,0.656
S01_Sess04_FB047,0.732
S01_Sess04_FB048,0.814
S01_Sess04_FB049,0.516
S01_Sess04_FB050,0.672
S01_Sess04_FB051,0.738
S01_Sess04_FB052,0.784
S01_Sess04_FB053,0.654
S01_Sess04_FB054,0.808
S01_Sess04_FB055,0.614
S01_Sess04_FB056,0.504
S01_Sess04_FB057,0.468
S01_Sess04_FB058,0.66
S01_Sess04_FB059,0.6
S01_Sess04_FB060,0.826
S01_Sess05_FB001,0.732
S01_Sess05_FB002,0.744
S01_Sess05_FB003,0.794
S01_Sess05_FB004,0.684
S01_Sess05_FB005,0.778
S01_Sess05_FB006,0.656
S01_Sess05_FB007,0.64
S01_Sess05_FB008,0.73
S01_Sess05_FB009,0.646
S01_Sess05_FB010,0.612
S01_Sess05_FB011,0.712
S01_Sess05_FB012,0.74
S01_Sess05_FB013,0.762
S01_Sess05_FB014,0.602
S01_Sess05_FB015,0.734
S01_Sess05_FB016,0.672
S01_Sess05_FB017,0.568
S01_Sess05_FB018,0.81
S01_Sess05_FB019,0.728
S01_Sess05_FB020,0.76
S01_Sess05_FB021,0.574
S01_Sess05_FB022,0.596
S01_Sess05_FB023,0.874
S01_Sess05_FB024,0.726
S01_Sess05_FB025,0.846
S01_Sess05_FB026,0.63
S01_Sess05_FB027,0.878
S01_Sess05_FB028,0.67
S01_Sess05_FB029,0.742
S01_Sess05_FB030,0.718
S01_Sess05_FB031,0.82
S01_Sess05_FB032,0.532
S01_Sess05_FB033,0.666
S01_Sess05_FB034,0.726
S01_Sess05_FB035,0.536
S01_Sess05_FB036,0.62
S01_Sess05_FB037,0.622
S01_Sess05_FB038,0.614
S01_Sess05_FB039,0.672
S01_Sess05_FB040,0.616
S01_Sess05_FB041,0.702
S01_Sess05_FB042,0.72
S01_Sess05_FB043,0.748
S01_Sess05_FB044,0.71
S01_Sess05_FB045,0.488
S01_Sess05_FB046,0.732
S01_Sess05_FB047,0.638
S01_Sess05_FB048,0.652
S01_Sess05_FB049,0.654
S01_Sess05_FB050,0.62
S01_Sess05_FB051,0.674
S01_Sess05_FB052,0.768
S01_Sess05_FB053,0.768
S01_Sess05_FB054,0.688
S01_Sess05_FB055,0.77
S01_Sess05_FB056,0.716
S01_Sess05_FB057,0.79
S01_Sess05_FB058,0.654
S01_Sess05_FB059,0.584
S01_Sess05_FB060,0.746
S01_Sess05_FB061,0.826
S01_Sess05_FB062,0.74
S01_Sess05_FB063,0.77
S01_Sess05_FB064,0.76
S01_Sess05_FB065,0.72
S01_Sess05_FB066,0.714
S01_Sess05_FB067,0.722
S01_Sess05_FB068,0.69
S01_Sess05_FB069,0.75
S01_Sess05_FB070,0.768
S01_Sess05_FB071,0.766
S01_Sess05_FB072,0.742
S01_Sess05_FB073,0.614
S01_Sess05_FB074,0.57
S01_Sess05_FB075,0.766
S01_Sess05_FB076,0.754
S01_Sess05_FB077,0.776
S01_Sess05_FB078,0.702
S01_Sess05_FB079,0.652
S01_Sess05_FB080,0.872
S01_Sess05_FB081,0.88
S01_Sess05_FB082,0.608
S01_Sess05_FB083,0.67
S01_Sess05_FB084,0.752
S01_Sess05_FB085,0.768
S01_Sess05_FB086,0.834
S01_Sess05_FB087,0.742
S01_Sess05_FB088,0.818
S01_Sess05_FB089,0.796
S01_Sess05_FB090,0.73
S01_Sess05_FB091,0.734
S01_Sess05_FB092,0.718
S01_Sess05_FB093,0.748
S01_Sess05_FB094,0.834
S01_Sess05_FB095,0.81
S01_Sess05_FB096,0.598
S01_Sess05_FB097,0.688
S01_Sess05_FB098,0.584
S01_Sess05_FB099,0.782
S01_Sess05_FB100,0.808
S03_Sess01_FB001,0.562
S03_Sess01_FB002,0.488
S03_Sess01_FB003,0.576
S03_Sess01_FB004,0.678
S03_Sess01_FB005,0.624
S03_Sess01_FB006,0.454
S03_Sess01_FB007,0.668
S03_Sess01_FB008,0.55
S03_Sess01_FB009,0.438
S03_Sess01_FB010,0.872
S03_Sess01_FB011,0.652
S03_Sess01_FB012,0.888
S03_Sess01_FB013,0.65
S03_Sess01_FB014,0.67
S03_Sess01_FB015,0.786
S03_Sess01_FB016,0.536
S03_Sess01_FB017,0.508
S03_Sess01_FB018,0.502
S03_Sess01_FB019,0.508
S03_Sess01_FB020,0.602
S03_Sess01_FB021,0.502
S03_Sess01_FB022,0.63
S03_Sess01_FB023,0.584
S03_Sess01_FB024,0.638
S03_Sess01_FB025,0.588
S03_Sess01_FB026,0.56
S03_Sess01_FB027,0.58
S03_Sess01_FB028,0.558
S03_Sess01_FB029,0.542
S03_Sess01_FB030,0.654
S03_Sess01_FB031,0.488
S03_Sess01_FB032,0.67
S03_Sess01_FB033,0.636
S03_Sess01_FB034,0.746
S03_Sess01_FB035,0.694
S03_Sess01_FB036,0.754
S03_Sess01_FB037,0.812
S03_Sess01_FB038,0.754
S03_Sess01_FB039,0.788
S03_Sess01_FB040,0.91
S03_Sess01_FB041,0.76
S03_Sess01_FB042,0.856
S03_Sess01_FB043,0.64
S03_Sess01_FB044,0.642
S03_Sess01_FB045,0.652
S03_Sess01_FB046,0.774
S03_Sess01_FB047,0.826
S03_Sess01_FB048,0.608
S03_Sess01_FB049,0.56
S03_Sess01_FB050,0.58
S03_Sess01_FB051,0.632
S03_Sess01_FB052,0.654
S03_Sess01_FB053,0.702
S03_Sess01_FB054,0.518
S03_Sess01_FB055,0.752
S03_Sess01_FB056,0.572
S03_Sess01_FB057,0.702
S03_Sess01_FB058,0.798
S03_Sess01_FB059,0.788
S03_Sess01_FB060,0.69
S03_Sess02_FB001,0.704
S03_Sess02_FB002,0.662
S03_Sess02_FB003,0.612
S03_Sess02_FB004,0.65
S03_Sess02_FB005,0.578
S03_Sess02_FB006,0.61
S03_Sess02_FB007,0.592
S03_Sess02_FB008,0.562
S03_Sess02_FB009,0.652
S03_Sess02_FB010,0.548
S03_Sess02_FB011,0.728
S03_Sess02_FB012,0.696
S03_Sess02_FB013,0.702
S03_Sess02_FB014,0.724
S03_Sess02_FB015,0.736
S03_Sess02_FB016,0.798
S03_Sess02_FB017,0.56
S03_Sess02_FB018,0.722
S03_Sess02_FB019,0.646
S03_Sess02_FB020,0.482
S03_Sess02_FB021,0.614
S03_Sess02_FB022,0.77
S03_Sess02_FB023,0.678
S03_Sess02_FB024,0.732
S03_Sess02_FB025,0.732
S03_Sess02_FB026,0.542
S03_Sess02_FB027,0.788
S03_Sess02_FB028,0.674
S03_Sess02_FB029,0.696
S03_Sess02_FB030,0.778
S03_Sess02_FB031,0.734
S03_Sess02_FB032,0.55
S03_Sess02_FB033,0.594
S03_Sess02_FB034,0.66
S03_Sess02_FB035,0.77
S03_Sess02_FB036,0.67
S03_Sess02_FB037,0.538
S03_Sess02_FB038,0.81
S03_Sess02_FB039,0.818
S03_Sess02_FB040,0.676
S03_Sess02_FB041,0.672
S03_Sess02_FB042,0.762
S03_Sess02_FB043,0.64
S03_Sess02_FB044,0.754
S03_Sess02_FB045,0.52
S03_Sess02_FB046,0.568
S03_Sess02_FB047,0.708
S03_Sess02_FB048,0.712
S03_Sess02_FB049,0.754
S03_Sess02_FB050,0.774
S03_Sess02_FB051,0.612
S03_Sess02_FB052,0.616
S03_Sess02_FB053,0.546
S03_Sess02_FB054,0.686
S03_Sess02_FB055,0.7
S03_Sess02_FB056,0.718
S03_Sess02_FB057,0.746
S03_Sess02_FB058,0.732
S03_Sess02_FB059,0.598
S03_Sess02_FB060,0.744
S03_Sess03_FB001,0.714
S03_Sess03_FB002,0.702
S03_Sess03_FB003,0.778
S03_Sess03_FB004,0.782
S03_Sess03_FB005,0.678
S03_Sess03_FB006,0.728
S03_Sess03_FB007,0.722
S03_Sess03_FB008,0.592
S03_Sess03_FB009,0.746
S03_Sess03_FB010,0.63
S03_Sess03_FB011,0.796
S03_Sess03_FB012,0.632
S03_Sess03_FB013,0.644
S03_Sess03_FB014,0.58
S03_Sess03_FB015,0.548
S03_Sess03_FB016,0.618
S03_Sess03_FB017,0.656
S03_Sess03_FB018,0.676
S03_Sess03_FB019,0.572
S03_Sess03_FB020,0.53
S03_Sess03_FB021,0.724
S03_Sess03_FB022,0.69
S03_Sess03_FB023,0.764
S03_Sess03_FB024,0.722
S03_Sess03_FB025,0.558
S03_Sess03_FB026,0.7
S03_Sess03_FB027,0.734
S03_Sess03_FB028,0.724
S03_Sess03_FB029,0.672
S03_Sess03_FB030,0.71
S03_Sess03_FB031,0.524
S03_Sess03_FB032,0.784
S03_Sess03_FB033,0.77
S03_Sess03_FB034,0.688
S03_Sess03_FB035,0.484
S03_Sess03_FB036,0.7
S03_Sess03_FB037,0.68
S03_Sess03_FB038,0.498
S03_Sess03_FB039,0.674
S03_Sess03_FB040,0.65
S03_Sess03_FB041,0.598
S03_Sess03_FB042,0.442
S03_Sess03_FB043,0.604
S03_Sess03_FB044,0.498
S03_Sess03_FB045,0.432
S03_Sess03_FB046,0.582
S03_Sess03_FB047,0.508
S03_Sess03_FB048,0.466
S03_Sess03_FB049,0.566
S03_Sess03_FB050,0.868
S03_Sess03_FB051,0.682
S03_Sess03_FB052,0.784
S03_Sess03_FB053,0.78
S03_Sess03_FB054,0.816
S03_Sess03_FB055,0.676
S03_Sess03_FB056,0.588
S03_Sess03_FB057,0.664
S03_Sess03_FB058,0.71
S03_Sess03_FB059,0.74
S03_Sess03_FB060,0.55
S03_Sess04_FB001,0.794
S03_Sess04_FB002,0.618
S03_Sess04_FB003,0.75
S03_Sess04_FB004,0.764
S03_Sess04_FB005,0.794
S03_Sess04_FB006,0.648
S03_Sess04_FB007,0.774
S03_Sess04_FB008,0.576
S03_Sess04_FB009,0.708
S03_Sess04_FB010,0.648
S03_Sess04_FB011,0.774
S03_Sess04_FB012,0.51
S03_Sess04_FB013,0.618
S03_Sess04_FB014,0.466
S03_Sess04_FB015,0.642
S03_Sess04_FB016,0.548
S03_Sess04_FB017,0.606
S03_Sess04_FB018,0.768
S03_Sess04_FB019,0.76
S03_Sess04_FB020,0.594
S03_Sess04_FB021,0.352
S03_Sess04_FB022,0.612
S03_Sess04_FB023,0.668
S03_Sess04_FB024,0.784
S03_Sess04_FB025,0.758
S03_Sess04_FB026,0.734
S03_Sess04_FB027,0.634
S03_Sess04_FB028,0.676
S03_Sess04_FB029,0.568
S03_Sess04_FB030,0.684
S03_Sess04_FB031,0.596
S03_Sess04_FB032,0.712
S03_Sess04_FB033,0.62
S03_Sess04_FB034,0.732
S03_Sess04_FB035,0.57
S03_Sess04_FB036,0.698
S03_Sess04_FB037,0.748
S03_Sess04_FB038,0.636
S03_Sess04_FB039,0.794
S03_Sess04_FB040,0.73
S03_Sess04_FB041,0.564
S03_Sess04_FB042,0.638
S03_Sess04_FB043,0.672
S03_Sess04_FB044,0.576
S03_Sess04_FB045,0.618
S03_Sess04_FB046,0.634
S03_Sess04_FB047,0.606
S03_Sess04_FB048,0.61
S03_Sess04_FB049,0.674
S03_Sess04_FB050,0.594
S03_Sess04_FB051,0.662
S03_Sess04_FB052,0.55
S03_Sess04_FB053,0.612
S03_Sess04_FB054,0.506
S03_Sess04_FB055,0.5
S03_Sess04_FB056,0.7
S03_Sess04_FB057,0.716
S03_Sess04_FB058,0.592
S03_Sess04_FB059,0.76
S03_Sess04_FB060,0.702
S03_Sess05_FB001,0.79
S03_Sess05_FB002,0.772
S03_Sess05_FB003,0.81
S03_Sess05_FB004,0.8
S03_Sess05_FB005,0.608
S03_Sess05_FB006,0.62
S03_Sess05_FB007,0.738
S03_Sess05_FB008,0.696
S03_Sess05_FB009,0.718
S03_Sess05_FB010,0.686
S03_Sess05_FB011,0.75
S03_Sess05_FB012,0.488
S03_Sess05_FB013,0.746
S03_Sess05_FB014,0.51
S03_Sess05_FB015,0.788
S03_Sess05_FB016,0.666
S03_Sess05_FB017,0.784
S03_Sess05_FB018,0.84
S03_Sess05_FB019,0.694
S03_Sess05_FB020,0.72
S03_Sess05_FB021,0.794
S03_Sess05_FB022,0.592
S03_Sess05_FB023,0.688
S03_Sess05_FB024,0.734
S03_Sess05_FB025,0.73
S03_Sess05_FB026,0.662
S03_Sess05_FB027,0.784
S03_Sess05_FB028,0.692
S03_Sess05_FB029,0.592
S03_Sess05_FB030,0.694
S03_Sess05_FB031,0.678
S03_Sess05_FB032,0.728
S03_Sess05_FB033,0.67
S03_Sess05_FB034,0.736
S03_Sess05_FB035,0.668
S03_Sess05_FB036,0.81
S03_Sess05_FB037,0.724
S03_Sess05_FB038,0.73
S03_Sess05_FB039,0.722
S03_Sess05_FB040,0.602
S03_Sess05_FB041,0.628
S03_Sess05_FB042,0.556
S03_Sess05_FB043,0.622
S03_Sess05_FB044,0.614
S03_Sess05_FB045,0.56
S03_Sess05_FB046,0.726
S03_Sess05_FB047,0.724
S03_Sess05_FB048,0.728
S03_Sess05_FB049,0.732
S03_Sess05_FB050,0.67
S03_Sess05_FB051,0.682
S03_Sess05_FB052,0.746
S03_Sess05_FB053,0.602
S03_Sess05_FB054,0.656
S03_Sess05_FB055,0.436
S03_Sess05_FB056,0.762
S03_Sess05_FB057,0.676
S03_Sess05_FB058,0.676
S03_Sess05_FB059,0.722
S03_Sess05_FB060,0.694
S03_Sess05_FB061,0.738
S03_Sess05_FB062,0.6
S03_Sess05_FB063,0.52
S03_Sess05_FB064,0.77
S03_Sess05_FB065,0.626
S03_Sess05_FB066,0.708
S03_Sess05_FB067,0.678
S03_Sess05_FB068,0.55
S03_Sess05_FB069,0.55
S03_Sess05_FB070,0.766
S03_Sess05_FB071,0.766
S03_Sess05_FB072,0.676
S03_Sess05_FB073,0.804
S03_Sess05_FB074,0.716
S03_Sess05_FB075,0.838
S03_Sess05_FB076,0.6
S03_Sess05_FB077,0.72
S03_Sess05_FB078,0.768
S03_Sess05_FB079,0.506
S03_Sess05_FB080,0.742
S03_Sess05_FB081,0.566
S03_Sess05_FB082,0.772
S03_Sess05_FB083,0.586
S03_Sess05_FB084,0.726
S03_Sess05_FB085,0.634
S03_Sess05_FB086,0.696
S03_Sess05_FB087,0.724
S03_Sess05_FB088,0.588
S03_Sess05_FB089,0.698
S03_Sess05_FB090,0.624
S03_Sess05_FB091,0.826
S03_Sess05_FB092,0.778
S03_Sess05_FB093,0.628
S03_Sess05_FB094,0.742
S03_Sess05_FB095,0.616
S03_Sess05_FB096,0.774
S03_Sess05_FB097,0.784
S03_Sess05_FB098,0.672
S03_Sess05_FB099,0.71
S03_Sess05_FB100,0.656
S04_Sess01_FB001,0.694
S04_Sess01_FB002,0.698
S04_Sess01_FB003,0.722
S04_Sess01_FB004,0.894
S04_Sess01_FB005,0.568
S04_Sess01_FB006,0.714
S04_Sess01_FB007,0.676
S04_Sess01_FB008,0.692
S04_Sess01_FB009,0.826
S04_Sess01_FB010,0.932
S04_Sess01_FB011,0.868
S04_Sess01_FB012,0.61
S04_Sess01_FB013,0.782
S04_Sess01_FB014,0.95
S04_Sess01_FB015,0.778
S04_Sess01_FB016,0.728
S04_Sess01_FB017,0.786
S04_Sess01_FB018,0.768
S04_Sess01_FB019,0.538
S04_Sess01_FB020,0.738
S04_Sess01_FB021,0.788
S04_Sess01_FB022,0.676
S04_Sess01_FB023,0.616
S04_Sess01_FB024,0.656
S04_Sess01_FB025,0.63
S04_Sess01_FB026,0.552
S04_Sess01_FB027,0.48
S04_Sess01_FB028,0.612
S04_Sess01_FB029,0.754
S04_Sess01_FB030,0.81
S04_Sess01_FB031,0.716
S04_Sess01_FB032,0.628
S04_Sess01_FB033,0.588
S04_Sess01_FB034,0.47
S04_Sess01_FB035,0.748
S04_Sess01_FB036,0.64
S04_Sess01_FB037,0.684
S04_Sess01_FB038,0.632
S04_Sess01_FB039,0.752
S04_Sess01_FB040,0.622
S04_Sess01_FB041,0.83
S04_Sess01_FB042,0.616
S04_Sess01_FB043,0.852
S04_Sess01_FB044,0.68
S04_Sess01_FB045,0.738
S04_Sess01_FB046,0.808
S04_Sess01_FB047,0.666
S04_Sess01_FB048,0.424
S04_Sess01_FB049,0.724
S04_Sess01_FB050,0.844
S04_Sess01_FB051,0.802
S04_Sess01_FB052,0.594
S04_Sess01_FB053,0.716
S04_Sess01_FB054,0.802
S04_Sess01_FB055,0.644
S04_Sess01_FB056,0.69
S04_Sess01_FB057,0.968
S04_Sess01_FB058,0.852
S04_Sess01_FB059,0.778
S04_Sess01_FB060,0.762
S04_Sess02_FB001,0.886
S04_Sess02_FB002,0.846
S04_Sess02_FB003,0.834
S04_Sess02_FB004,0.868
S04_Sess02_FB005,0.632
S04_Sess02_FB006,0.716
S04_Sess02_FB007,0.928
S04_Sess02_FB008,0.734
S04_Sess02_FB009,0.602
S04_Sess02_FB010,0.812
S04_Sess02_FB011,0.876
S04_Sess02_FB012,0.862
S04_Sess02_FB013,0.78
S04_Sess02_FB014,0.778
S04_Sess02_FB015,0.866
S04_Sess02_FB016,0.778
S04_Sess02_FB017,0.73
S04_Sess02_FB018,0.658
S04_Sess02_FB019,0.836
S04_Sess02_FB020,0.686
S04_Sess02_FB021,0.684
S04_Sess02_FB022,0.892
S04_Sess02_FB023,0.798
S04_Sess02_FB024,0.834
S04_Sess02_FB025,0.856
S04_Sess02_FB026,0.816
S04_Sess02_FB027,0.722
S04_Sess02_FB028,0.61
S04_Sess02_FB029,0.614
S04_Sess02_FB030,0.51
S04_Sess02_FB031,0.572
S04_Sess02_FB032,0.7
S04_Sess02_FB033,0.638
S04_Sess02_FB034,0.716
S04_Sess02_FB035,0.872
S04_Sess02_FB036,0.732
S04_Sess02_FB037,0.684
S04_Sess02_FB038,0.728
S04_Sess02_FB039,0.72
S04_Sess02_FB040,0.704
S04_Sess02_FB041,0.792
S04_Sess02_FB042,0.83
S04_Sess02_FB043,0.756
S04_Sess02_FB044,0.872
S04_Sess02_FB045,0.836
S04_Sess02_FB046,0.702
S04_Sess02_FB047,0.75
S04_Sess02_FB048,0.766
S04_Sess02_FB049,0.866
S04_Sess02_FB050,0.436
S04_Sess02_FB051,0.68
S04_Sess02_FB052,0.88
S04_Sess02_FB053,0.948
S04_Sess02_FB054,0.698
S04_Sess02_FB055,0.714
S04_Sess02_FB056,0.832
S04_Sess02_FB057,0.862
S04_Sess02_FB058,0.81
S04_Sess02_FB059,0.898
S04_Sess02_FB060,0.948
S04_Sess03_FB001,0.826
S04_Sess03_FB002,0.75
S04_Sess03_FB003,0.814
S04_Sess03_FB004,0.74
S04_Sess03_FB005,0.64
S04_Sess03_FB006,0.822
S04_Sess03_FB007,0.704
S04_Sess03_FB008,0.68
S04_Sess03_FB009,0.73
S04_Sess03_FB010,0.792
S04_Sess03_FB011,0.608
S04_Sess03_FB012,0.818
S04_Sess03_FB013,0.778
S04_Sess03_FB014,0.784
S04_Sess03_FB015,0.754
S04_Sess03_FB016,0.804
S04_Sess03_FB017,0.62
S04_Sess03_FB018,0.728
S04_Sess03_FB019,0.74
S04_Sess03_FB020,0.622
S04_Sess03_FB021,0.682
S04_Sess03_FB022,0.526
S04_Sess03_FB023,0.462
S04_Sess03_FB024,0.724
S04_Sess03_FB025,0.686
S04_Sess03_FB026,0.776
S04_Sess03_FB027,0.866
S04_Sess03_FB028,0.588
S04_Sess03_FB029,0.704
S04_Sess03_FB030,0.588
S04_Sess03_FB031,0.728
S04_Sess03_FB032,0.55
S04_Sess03_FB033,0.85
S04_Sess03_FB034,0.514
S04_Sess03_FB035,0.524
S04_Sess03_FB036,0.642
S04_Sess03_FB037,0.66
S04_Sess03_FB038,0.51
S04_Sess03_FB039,0.538
S04_Sess03_FB040,0.584
S04_Sess03_FB041,0.524
S04_Sess03_FB042,0.632
S04_Sess03_FB043,0.504
S04_Sess03_FB044,0.664
S04_Sess03_FB045,0.552
S04_Sess03_FB046,0.63
S04_Sess03_FB047,0.512
S04_Sess03_FB048,0.658
S04_Sess03_FB049,0.536
S04_Sess03_FB050,0.684
S04_Sess03_FB051,0.766
S04_Sess03_FB052,0.694
S04_Sess03_FB053,0.868
S04_Sess03_FB054,0.864
S04_Sess03_FB055,0.56
S04_Sess03_FB056,0.872
S04_Sess03_FB057,0.882
S04_Sess03_FB058,0.872
S04_Sess03_FB059,0.77
S04_Sess03_FB060,0.782
S04_Sess04_FB001,0.786
S04_Sess04_FB002,0.66
S04_Sess04_FB003,0.66
S04_Sess04_FB004,0.9
S04_Sess04_FB005,0.812
S04_Sess04_FB006,0.838
S04_Sess04_FB007,0.898
S04_Sess04_FB008,0.742
S04_Sess04_FB009,0.794
S04_Sess04_FB010,0.72
S04_Sess04_FB011,0.64
S04_Sess04_FB012,0.774
S04_Sess04_FB013,0.926
S04_Sess04_FB014,0.824
S04_Sess04_FB015,0.67
S04_Sess04_FB016,0.85
S04_Sess04_FB017,0.858
S04_Sess04_FB018,0.796
S04_Sess04_FB019,0.788
S04_Sess04_FB020,0.74
S04_Sess04_FB021,0.624
S04_Sess04_FB022,0.672
S04_Sess04_FB023,0.806
S04_Sess04_FB024,0.772
S04_Sess04_FB025,0.712
S04_Sess04_FB026,0.744
S04_Sess04_FB027,0.7
S04_Sess04_FB028,0.604
S04_Sess04_FB029,0.57
S04_Sess04_FB030,0.544
S04_Sess04_FB031,0.576
S04_Sess04_FB032,0.472
S04_Sess04_FB033,0.87
S04_Sess04_FB034,0.666
S04_Sess04_FB035,0.776
S04_Sess04_FB036,0.656
S04_Sess04_FB037,0.736
S04_Sess04_FB038,0.688
S04_Sess04_FB039,0.426
S04_Sess04_FB040,0.572
S04_Sess04_FB041,0.786
S04_Sess04_FB042,0.916
S04_Sess04_FB043,0.818
S04_Sess04_FB044,0.792
S04_Sess04_FB045,0.542
S04_Sess04_FB046,0.64
S04_Sess04_FB047,0.642
S04_Sess04_FB048,0.756
S04_Sess04_FB049,0.69
S04_Sess04_FB050,0.712
S04_Sess04_FB051,0.696
S04_Sess04_FB052,0.644
S04_Sess04_FB053,0.63
S04_Sess04_FB054,0.87
S04_Sess04_FB055,0.862
S04_Sess04_FB056,0.848
S04_Sess04_FB057,0.62
S04_Sess04_FB058,0.52
S04_Sess04_FB059,0.754
S04_Sess04_FB060,0.886
S04_Sess05_FB001,0.82
S04_Sess05_FB002,0.924
S04_Sess05_FB003,0.762
S04_Sess05_FB004,0.65
S04_Sess05_FB005,0.824
S04_Sess05_FB006,0.852
S04_Sess05_FB007,0.796
S04_Sess05_FB008,0.846
S04_Sess05_FB009,0.736
S04_Sess05_FB010,0.72
S04_Sess05_FB011,0.834
S04_Sess05_FB012,0.734
S04_Sess05_FB013,0.692
S04_Sess05_FB014,0.778
S04_Sess05_FB015,0.882
S04_Sess05_FB016,0.796
S04_Sess05_FB017,0.89
S04_Sess05_FB018,0.762
S04_Sess05_FB019,0.71
S04_Sess05_FB020,0.796
S04_Sess05_FB021,0.872
S04_Sess05_FB022,0.756
S04_Sess05_FB023,0.754
S04_Sess05_FB024,0.72
S04_Sess05_FB025,0.812
S04_Sess05_FB026,0.784
S04_Sess05_FB027,0.778
S04_Sess05_FB028,0.692
S04_Sess05_FB029,0.922
S04_Sess05_FB030,0.826
S04_Sess05_FB031,0.896
S04_Sess05_FB032,0.764
S04_Sess05_FB033,0.782
S04_Sess05_FB034,0.798
S04_Sess05_FB035,0.862
S04_Sess05_FB036,0.864
S04_Sess05_FB037,0.734
S04_Sess05_FB038,0.696
S04_Sess05_FB039,0.768
S04_Sess05_FB040,0.758
S04_Sess05_FB041,0.692
S04_Sess05_FB042,0.716
S04_Sess05_FB043,0.742
S04_Sess05_FB044,0.828
S04_Sess05_FB045,0.65
S04_Sess05_FB046,0.786
S04_Sess05_FB047,0.726
S04_Sess05_FB048,0.852
S04_Sess05_FB049,0.646
S04_Sess05_FB050,0.486
S04_Sess05_FB051,0.788
S04_Sess05_FB052,0.784
S04_Sess05_FB053,0.7
S04_Sess05_FB054,0.636
S04_Sess05_FB055,0.566
S04_Sess05_FB056,0.842
S04_Sess05_FB057,0.68
S04_Sess05_FB058,0.834
S04_Sess05_FB059,0.532
S04_Sess05_FB060,0.73
S04_Sess05_FB061,0.848
S04_Sess05_FB062,0.782
S04_Sess05_FB063,0.762
S04_Sess05_FB064,0.846
S04_Sess05_FB065,0.63
S04_Sess05_FB066,0.802
S04_Sess05_FB067,0.826
S04_Sess05_FB068,0.632
S04_Sess05_FB069,0.494
S04_Sess05_FB070,0.642
S04_Sess05_FB071,0.872
S04_Sess05_FB072,0.766
S04_Sess05_FB073,0.802
S04_Sess05_FB074,0.908
S04_Sess05_FB075,0.808
S04_Sess05_FB076,0.87
S04_Sess05_FB077,0.748
S04_Sess05_FB078,0.914
S04_Sess05_FB079,0.91
S04_Sess05_FB080,0.64
S04_Sess05_FB081,0.872
S04_Sess05_FB082,0.702
S04_Sess05_FB083,0.888
S04_Sess05_FB084,0.888
S04_Sess05_FB085,0.81
S04_Sess05_FB086,0.918
S04_Sess05_FB087,0.9
S04_Sess05_FB088,0.582
S04_Sess05_FB089,0.874
S04_Sess05_FB090,0.89
S04_Sess05_FB091,0.88
S04_Sess05_FB092,0.838
S04_Sess05_FB093,0.71
S04_Sess05_FB094,0.886
S04_Sess05_FB095,0.768
S04_Sess05_FB096,0.894
S04_Sess05_FB097,0.824
S04_Sess05_FB098,0.926
S04_Sess05_FB099,0.648
S04_Sess05_FB100,0.628
S05_Sess01_FB001,0.808
S05_Sess01_FB002,0.81
S05_Sess01_FB003,0.838
S05_Sess01_FB004,0.856
S05_Sess01_FB005,0.832
S05_Sess01_FB006,0.846
S05_Sess01_FB007,0.58
S05_Sess01_FB008,0.774
S05_Sess01_FB009,0.766
S05_Sess01_FB010,0.606
S05_Sess01_FB011,0.916
S05_Sess01_FB012,0.86
S05_Sess01_FB013,0.848
S05_Sess01_FB014,0.906
S05_Sess01_FB015,0.692
S05_Sess01_FB016,0.766
S05_Sess01_FB017,0.788
S05_Sess01_FB018,0.648
S05_Sess01_FB019,0.75
S05_Sess01_FB020,0.71
S05_Sess01_FB021,0.828
S05_Sess01_FB022,0.88
S05_Sess01_FB023,0.656
S05_Sess01_FB024,0.884
S05_Sess01_FB025,0.84
S05_Sess01_FB026,0.736
S05_Sess01_FB027,0.572
S05_Sess01_FB028,0.868
S05_Sess01_FB029,0.648
S05_Sess01_FB030,0.712
S05_Sess01_FB031,0.742
S05_Sess01_FB032,0.818
S05_Sess01_FB033,0.626
S05_Sess01_FB034,0.666
S05_Sess01_FB035,0.556
S05_Sess01_FB036,0.682
S05_Sess01_FB037,0.58
S05_Sess01_FB038,0.662
S05_Sess01_FB039,0.784
S05_Sess01_FB040,0.592
S05_Sess01_FB041,0.764
S05_Sess01_FB042,0.774
S05_Sess01_FB043,0.802
S05_Sess01_FB044,0.706
S05_Sess01_FB045,0.754
S05_Sess01_FB046,0.628
S05_Sess01_FB047,0.768
S05_Sess01_FB048,0.75
S05_Sess01_FB049,0.92
S05_Sess01_FB050,0.784
S05_Sess01_FB051,0.524
S05_Sess01_FB052,0.604
S05_Sess01_FB053,0.872
S05_Sess01_FB054,0.73
S05_Sess01_FB055,0.852
S05_Sess01_FB056,0.64
S05_Sess01_FB057,0.598
S05_Sess01_FB058,0.784
S05_Sess01_FB059,0.884
S05_Sess01_FB060,0.778
S05_Sess02_FB001,0.444
S05_Sess02_FB002,0.514
S05_Sess02_FB003,0.548
S05_Sess02_FB004,0.776
S05_Sess02_FB005,0.768
S05_Sess02_FB006,0.57
S05_Sess02_FB007,0.77
S05_Sess02_FB008,0.838
S05_Sess02_FB009,0.806
S05_Sess02_FB010,0.664
S05_Sess02_FB011,0.766
S05_Sess02_FB012,0.584
S05_Sess02_FB013,0.78
S05_Sess02_FB014,0.704
S05_Sess02_FB015,0.63
S05_Sess02_FB016,0.612
S05_Sess02_FB017,0.62
S05_Sess02_FB018,0.532
S05_Sess02_FB019,0.592
S05_Sess02_FB020,0.468
S05_Sess02_FB021,0.644
S05_Sess02_FB022,0.678
S05_Sess02_FB023,0.654
S05_Sess02_FB024,0.762
S05_Sess02_FB025,0.588
S05_Sess02_FB026,0.63
S05_Sess02_FB027,0.6
S05_Sess02_FB028,0.662
S05_Sess02_FB029,0.658
S05_Sess02_FB030,0.634
S05_Sess02_FB031,0.654
S05_Sess02_FB032,0.706
S05_Sess02_FB033,0.682
S05_Sess02_FB034,0.654
S05_Sess02_FB035,0.528
S05_Sess02_FB036,0.718
S05_Sess02_FB037,0.748
S05_Sess02_FB038,0.744
S05_Sess02_FB039,0.69
S05_Sess02_FB040,0.798
S05_Sess02_FB041,0.618
S05_Sess02_FB042,0.754
S05_Sess02_FB043,0.622
S05_Sess02_FB044,0.698
S05_Sess02_FB045,0.534
S05_Sess02_FB046,0.508
S05_Sess02_FB047,0.7
S05_Sess02_FB048,0.636
S05_Sess02_FB049,0.54
S05_Sess02_FB050,0.704
S05_Sess02_FB051,0.604
S05_Sess02_FB052,0.8
S05_Sess02_FB053,0.678
S05_Sess02_FB054,0.626
S05_Sess02_FB055,0.406
S05_Sess02_FB056,0.536
S05_Sess02_FB057,0.526
S05_Sess02_FB058,0.502
S05_Sess02_FB059,0.62
S05_Sess02_FB060,0.664
S05_Sess03_FB001,0.798
S05_Sess03_FB002,0.82
S05_Sess03_FB003,0.864
S05_Sess03_FB004,0.852
S05_Sess03_FB005,0.62
S05_Sess03_FB006,0.876
S05_Sess03_FB007,0.692
S05_Sess03_FB008,0.77
S05_Sess03_FB009,0.838
S05_Sess03_FB010,0.67
S05_Sess03_FB011,0.752
S05_Sess03_FB012,0.748
S05_Sess03_FB013,0.514
S05_Sess03_FB014,0.76
S05_Sess03_FB015,0.754
S05_Sess03_FB016,0.47
S05_Sess03_FB017,0.756
S05_Sess03_FB018,0.638
S05_Sess03_FB019,0.568
S05_Sess03_FB020,0.69
S05_Sess03_FB021,0.648
S05_Sess03_FB022,0.586
S05_Sess03_FB023,0.708
S05_Sess03_FB024,0.54
S05_Sess03_FB025,0.588
S05_Sess03_FB026,0.73
S05_Sess03_FB027,0.702
S05_Sess03_FB028,0.682
S05_Sess03_FB029,0.632
S05_Sess03_FB030,0.756
S05_Sess03_FB031,0.666
S05_Sess03_FB032,0.694
S05_Sess03_FB033,0.75
S05_Sess03_FB034,0.768
S05_Sess03_FB035,0.788
S05_Sess03_FB036,0.726
S05_Sess03_FB037,0.738
S05_Sess03_FB038,0.534
S05_Sess03_FB039,0.656
S05_Sess03_FB040,0.732
S05_Sess03_FB041,0.596
S05_Sess03_FB042,0.61
S05_Sess03_FB043,0.762
S05_Sess03_FB044,0.662
S05_Sess03_FB045,0.694
S05_Sess03_FB046,0.702
S05_Sess03_FB047,0.61
S05_Sess03_FB048,0.712
S05_Sess03_FB049,0.654
S05_Sess03_FB050,0.48
S05_Sess03_FB051,0.758
S05_Sess03_FB052,0.766
S05_Sess03_FB053,0.746
S05_Sess03_FB054,0.592
S05_Sess03_FB055,0.594
S05_Sess03_FB056,0.736
S05_Sess03_FB057,0.66
S05_Sess03_FB058,0.894
S05_Sess03_FB059,0.712
S05_Sess03_FB060,0.61
S05_Sess04_FB001,0.648
S05_Sess04_FB002,0.664
S05_Sess04_FB003,0.696
S05_Sess04_FB004,0.56
S05_Sess04_FB005,0.662
S05_Sess04_FB006,0.702
S05_Sess04_FB007,0.784
S05_Sess04_FB008,0.71
S05_Sess04_FB009,0.464
S05_Sess04_FB010,0.742
S05_Sess04_FB011,0.816
S05_Sess04_FB012,0.756
S05_Sess04_FB013,0.582
S05_Sess04_FB014,0.86
S05_Sess04_FB015,0.63
S05_Sess04_FB016,0.582
S05_Sess04_FB017,0.452
S05_Sess04_FB018,0.522
S05_Sess04_FB019,0.518
S05_Sess04_FB020,0.61
S05_Sess04_FB021,0.49
S05_Sess04_FB022,0.692
S05_Sess04_FB023,0.532
S05_Sess04_FB024,0.732
S05_Sess04_FB025,0.502
S05_Sess04_FB026,0.634
S05_Sess04_FB027,0.54
S05_Sess04_FB028,0.634
S05_Sess04_FB029,0.662
S05_Sess04_FB030,0.548
S05_Sess04_FB031,0.624
S05_Sess04_FB032,0.61
S05_Sess04_FB033,0.574
S05_Sess04_FB034,0.722
S05_Sess04_FB035,0.594
S05_Sess04_FB036,0.738
S05_Sess04_FB037,0.696
S05_Sess04_FB038,0.684
S05_Sess04_FB039,0.68
S05_Sess04_FB040,0.72
S05_Sess04_FB041,0.806
S05_Sess04_FB042,0.62
S05_Sess04_FB043,0.884
S05_Sess04_FB044,0.802
S05_Sess04_FB045,0.602
S05_Sess04_FB046,0.714
S05_Sess04_FB047,0.734
S05_Sess04_FB048,0.572
S05_Sess04_FB049,0.72
S05_Sess04_FB050,0.704
S05_Sess04_FB051,0.618
S05_Sess04_FB052,0.712
S05_Sess04_FB053,0.668
S05_Sess04_FB054,0.674
S05_Sess04_FB055,0.658
S05_Sess04_FB056,0.612
S05_Sess04_FB057,0.628
S05_Sess04_FB058,0.51
S05_Sess04_FB059,0.626
S05_Sess04_FB060,0.572
S05_Sess05_FB001,0.844
S05_Sess05_FB002,0.944
S05_Sess05_FB003,0.826
S05_Sess05_FB004,0.91
S05_Sess05_FB005,0.84
S05_Sess05_FB006,0.886
S05_Sess05_FB007,0.81
S05_Sess05_FB008,0.69
S05_Sess05_FB009,0.67
S05_Sess05_FB010,0.876
S05_Sess05_FB011,0.794
S05_Sess05_FB012,0.934
S05_Sess05_FB013,0.81
S05_Sess05_FB014,0.86
S05_Sess05_FB015,0.722
S05_Sess05_FB016,0.624
S05_Sess05_FB017,0.758
S05_Sess05_FB018,0.716
S05_Sess05_FB019,0.724
S05_Sess05_FB020,0.72
S05_Sess05_FB021,0.72
S05_Sess05_FB022,0.624
S05_Sess05_FB023,0.672
S05_Sess05_FB024,0.698
S05_Sess05_FB025,0.69
S05_Sess05_FB026,0.598
S05_Sess05_FB027,0.614
S05_Sess05_FB028,0.642
S05_Sess05_FB029,0.702
S05_Sess05_FB030,0.716
S05_Sess05_FB031,0.668
S05_Sess05_FB032,0.546
S05_Sess05_FB033,0.818
S05_Sess05_FB034,0.834
S05_Sess05_FB035,0.596
S05_Sess05_FB036,0.74
S05_Sess05_FB037,0.766
S05_Sess05_FB038,0.756
S05_Sess05_FB039,0.57
S05_Sess05_FB040,0.73
S05_Sess05_FB041,0.698
S05_Sess05_FB042,0.648
S05_Sess05_FB043,0.678
S05_Sess05_FB044,0.664
S05_Sess05_FB045,0.732
S05_Sess05_FB046,0.788
S05_Sess05_FB047,0.598
S05_Sess05_FB048,0.678
S05_Sess05_FB049,0.672
S05_Sess05_FB050,0.648
S05_Sess05_FB051,0.626
S05_Sess05_FB052,0.718
S05_Sess05_FB053,0.774
S05_Sess05_FB054,0.648
S05_Sess05_FB055,0.686
S05_Sess05_FB056,0.798
S05_Sess05_FB057,0.72
S05_Sess05_FB058,0.7
S05_Sess05_FB059,0.62
S05_Sess05_FB060,0.628
S05_Sess05_FB061,0.76
S05_Sess05_FB062,0.68
S05_Sess05_FB063,0.732
S05_Sess05_FB064,0.598
S05_Sess05_FB065,0.794
S05_Sess05_FB066,0.65
S05_Sess05_FB067,0.628
S05_Sess05_FB068,0.688
S05_Sess05_FB069,0.788
S05_Sess05_FB070,0.73
S05_Sess05_FB071,0.868
S05_Sess05_FB072,0.868
S05_Sess05_FB073,0.736
S05_Sess05_FB074,0.776
S05_Sess05_FB075,0.69
S05_Sess05_FB076,0.856
S05_Sess05_FB077,0.802
S05_Sess05_FB078,0.784
S05_Sess05_FB079,0.762
S05_Sess05_FB080,0.77
S05_Sess05_FB081,0.732
S05_Sess05_FB082,0.7
S05_Sess05_FB083,0.87
S05_Sess05_FB084,0.856
S05_Sess05_FB085,0.65
S05_Sess05_FB086,0.724
S05_Sess05_FB087,0.888
S05_Sess05_FB088,0.618
S05_Sess05_FB089,0.734
S05_Sess05_FB090,0.744
S05_Sess05_FB091,0.66
S05_Sess05_FB092,0.91
S05_Sess05_FB093,0.832
S05_Sess05_FB094,0.742
S05_Sess05_FB095,0.712
S05_Sess05_FB096,0.77
S05_Sess05_FB097,0.786
S05_Sess05_FB098,0.734
S05_Sess05_FB099,0.786
S05_Sess05_FB100,0.744
S08_Sess01_FB001,0.776
S08_Sess01_FB002,0.71
S08_Sess01_FB003,0.676
S08_Sess01_FB004,0.82
S08_Sess01_FB005,0.75
S08_Sess01_FB006,0.742
S08_Sess01_FB007,0.522
S08_Sess01_FB008,0.82
S08_Sess01_FB009,0.808
S08_Sess01_FB010,0.742
S08_Sess01_FB011,0.814
S08_Sess01_FB012,0.798
S08_Sess01_FB013,0.794
S08_Sess01_FB014,0.542
S08_Sess01_FB015,0.592
S08_Sess01_FB016,0.59
S08_Sess01_FB017,0.664
S08_Sess01_FB018,0.672
S08_Sess01_FB019,0.442
S08_Sess01_FB020,0.67
S08_Sess01_FB021,0.668
S08_Sess01_FB022,0.738
S08_Sess01_FB023,0.75
S08_Sess01_FB024,0.492
S08_Sess01_FB025,0.504
S08_Sess01_FB026,0.666
S08_Sess01_FB027,0.506
S08_Sess01_FB028,0.608
S08_Sess01_FB029,0.684
S08_Sess01_FB030,0.47
S08_Sess01_FB031,0.464
S08_Sess01_FB032,0.894
S08_Sess01_FB033,0.582
S08_Sess01_FB034,0.622
S08_Sess01_FB035,0.676
S08_Sess01_FB036,0.692
S08_Sess01_FB037,0.746
S08_Sess01_FB038,0.738
S08_Sess01_FB039,0.74
S08_Sess01_FB040,0.632
S08_Sess01_FB041,0.768
S08_Sess01_FB042,0.794
S08_Sess01_FB043,0.654
S08_Sess01_FB044,0.702
S08_Sess01_FB045,0.662
S08_Sess01_FB046,0.612
S08_Sess01_FB047,0.696
S08_Sess01_FB048,0.776
S08_Sess01_FB049,0.76
S08_Sess01_FB050,0.766
S08_Sess01_FB051,0.616
S08_Sess01_FB052,0.68
S08_Sess01_FB053,0.814
S08_Sess01_FB054,0.7
S08_Sess01_FB055,0.606
S08_Sess01_FB056,0.61
S08_Sess01_FB057,0.736
S08_Sess01_FB058,0.778
S08_Sess01_FB059,0.722
S08_Sess01_FB060,0.72
S08_Sess02_FB001,0.708
S08_Sess02_FB002,0.832
S08_Sess02_FB003,0.77
S08_Sess02_FB004,0.602
S08_Sess02_FB005,0.716
S08_Sess02_FB006,0.648
S08_Sess02_FB007,0.73
S08_Sess02_FB008,0.666
S08_Sess02_FB009,0.796
S08_Sess02_FB010,0.67
S08_Sess02_FB011,0.84
S08_Sess02_FB012,0.828
S08_Sess02_FB013,0.664
S08_Sess02_FB014,0.828
S08_Sess02_FB015,0.748
S08_Sess02_FB016,0.802
S08_Sess02_FB017,0.578
S08_Sess02_FB018,0.59
S08_Sess02_FB019,0.776
S08_Sess02_FB020,0.534
S08_Sess02_FB021,0.53
S08_Sess02_FB022,0.826
S08_Sess02_FB023,0.77
S08_Sess02_FB024,0.794
S08_Sess02_FB025,0.854
S08_Sess02_FB026,0.756
S08_Sess02_FB027,0.764
S08_Sess02_FB028,0.728
S08_Sess02_FB029,0.63
S08_Sess02_FB030,0.868
S08_Sess02_FB031,0.808
S08_Sess02_FB032,0.834
S08_Sess02_FB033,0.772
S08_Sess02_FB034,0.838
S08_Sess02_FB035,0.56
S08_Sess02_FB036,0.636
S08_Sess02_FB037,0.654
S08_Sess02_FB038,0.762
S08_Sess02_FB039,0.6
S08_Sess02_FB040,0.454
S08_Sess02_FB041,0.51
S08_Sess02_FB042,0.56
S08_Sess02_FB043,0.756
S08_Sess02_FB044,0.734
S08_Sess02_FB045,0.442
S08_Sess02_FB046,0.794
S08_Sess02_FB047,0.822
S08_Sess02_FB048,0.708
S08_Sess02_FB049,0.826
S08_Sess02_FB050,0.682
S08_Sess02_FB051,0.468
S08_Sess02_FB052,0.868
S08_Sess02_FB053,0.748
S08_Sess02_FB054,0.692
S08_Sess02_FB055,0.848
S08_Sess02_FB056,0.96
S08_Sess02_FB057,0.968
S08_Sess02_FB058,0.876
S08_Sess02_FB059,0.844
S08_Sess02_FB060,0.816
S08_Sess03_FB001,0.708
S08_Sess03_FB002,0.6
S08_Sess03_FB003,0.716
S08_Sess03_FB004,0.744
S08_Sess03_FB005,0.564
S08_Sess03_FB006,0.782
S08_Sess03_FB007,0.686
S08_Sess03_FB008,0.618
S08_Sess03_FB009,0.65
S08_Sess03_FB010,0.728
S08_Sess03_FB011,0.706
S08_Sess03_FB012,0.862
S08_Sess03_FB013,0.756
S08_Sess03_FB014,0.75
S08_Sess03_FB015,0.738
S08_Sess03_FB016,0.706
S08_Sess03_FB017,0.796
S08_Sess03_FB018,0.456
S08_Sess03_FB019,0.548
S08_Sess03_FB020,0.622
S08_Sess03_FB021,0.824
S08_Sess03_FB022,0.746
S08_Sess03_FB023,0.662
S08_Sess03_FB024,0.402
S08_Sess03_FB025,0.624
S08_Sess03_FB026,0.736
S08_Sess03_FB027,0.702
S08_Sess03_FB028,0.758
S08_Sess03_FB029,0.606
S08_Sess03_FB030,0.632
S08_Sess03_FB031,0.728
S08_Sess03_FB032,0.672
S08_Sess03_FB033,0.622
S08_Sess03_FB034,0.708
S08_Sess03_FB035,0.692
S08_Sess03_FB036,0.686
S08_Sess03_FB037,0.652
S08_Sess03_FB038,0.724
S08_Sess03_FB039,0.702
S08_Sess03_FB040,0.678
S08_Sess03_FB041,0.736
S08_Sess03_FB042,0.676
S08_Sess03_FB043,0.616
S08_Sess03_FB044,0.722
S08_Sess03_FB045,0.77
S08_Sess03_FB046,0.64
S08_Sess03_FB047,0.716
S08_Sess03_FB048,0.608
S08_Sess03_FB049,0.746
S08_Sess03_FB050,0.812
S08_Sess03_FB051,0.598
S08_Sess03_FB052,0.556
S08_Sess03_FB053,0.736
S08_Sess03_FB054,0.742
S08_Sess03_FB055,0.528
S08_Sess03_FB056,0.814
S08_Sess03_FB057,0.758
S08_Sess03_FB058,0.834
S08_Sess03_FB059,0.804
S08_Sess03_FB060,0.8
S08_Sess04_FB001,0.83
S08_Sess04_FB002,0.266
S08_Sess04_FB003,0.386
S08_Sess04_FB004,0.33
S08_Sess04_FB005,0.166
S08_Sess04_FB006,0.482
S08_Sess04_FB007,0.164
S08_Sess04_FB008,0.338
S08_Sess04_FB009,0.654
S08_Sess04_FB010,0.732
S08_Sess04_FB011,0.796
S08_Sess04_FB012,0.958
S08_Sess04_FB013,0.864
S08_Sess04_FB014,0.968
S08_Sess04_FB015,0.892
S08_Sess04_FB016,0.562
S08_Sess04_FB017,0.892
S08_Sess04_FB018,0.912
S08_Sess04_FB019,0.708
S08_Sess04_FB020,0.88
S08_Sess04_FB021,0.886
S08_Sess04_FB022,0.842
S08_Sess04_FB023,0.852
S08_Sess04_FB024,0.894
S08_Sess04_FB025,0.908
S08_Sess04_FB026,0.808
S08_Sess04_FB027,0.844
S08_Sess04_FB028,0.836
S08_Sess04_FB029,0.734
S08_Sess04_FB030,0.882
S08_Sess04_FB031,0.74
S08_Sess04_FB032,0.9
S08_Sess04_FB033,0.642
S08_Sess04_FB034,0.744
S08_Sess04_FB035,0.648
S08_Sess04_FB036,0.758
S08_Sess04_FB037,0.784
S08_Sess04_FB038,0.7
S08_Sess04_FB039,0.716
S08_Sess04_FB040,0.624
S08_Sess04_FB041,0.918
S08_Sess04_FB042,0.988
S08_Sess04_FB043,0.908
S08_Sess04_FB044,0.836
S08_Sess04_FB045,0.848
S08_Sess04_FB046,0.8
S08_Sess04_FB047,0.794
S08_Sess04_FB048,0.794
S08_Sess04_FB049,0.794
S08_Sess04_FB050,0.79
S08_Sess04_FB051,0.79
S08_Sess04_FB052,0.78
S08_Sess04_FB053,0.79
S08_Sess04_FB054,0.79
S08_Sess04_FB055,0.782
S08_Sess04_FB056,0.77
S08_Sess04_FB057,0.77
S08_Sess04_FB058,0.762
S08_Sess04_FB059,0.77
S08_Sess04_FB060,0.768
S08_Sess05_FB001,0.148
S08_Sess05_FB002,0.148
S08_Sess05_FB003,0.148
S08_Sess05_FB004,0.148
S08_Sess05_FB005,0.148
S08_Sess05_FB006,0.148
S08_Sess05_FB007,0.148
S08_Sess05_FB008,0.148
S08_Sess05_FB009,0.148
S08_Sess05_FB010,0.148
S08_Sess05_FB011,0.148
S08_Sess05_FB012,0.148
S08_Sess05_FB013,0.148
S08_Sess05_FB014,0.148
S08_Sess05_FB015,0.148
S08_Sess05_FB016,0.148
S08_Sess05_FB017,0.148
S08_Sess05_FB018,0.148
S08_Sess05_FB019,0.148
S08_Sess05_FB020,0.148
S08_Sess05_FB021,0.148
S08_Sess05_FB022,0.148
S08_Sess05_FB023,0.148
S08_Sess05_FB024,0.148
S08_Sess05_FB025,0.148
S08_Sess05_FB026,0.148
S08_Sess05_FB027,0.148
S08_Sess05_FB028,0.148
S08_Sess05_FB029,0.148
S08_Sess05_FB030,0.148
S08_Sess05_FB031,0.148
S08_Sess05_FB032,0.148
S08_Sess05_FB033,0.148
S08_Sess05_FB034,0.148
S08_Sess05_FB035,0.148
S08_Sess05_FB036,0.384
S08_Sess05_FB037,0.934
S08_Sess05_FB038,0.91
S08_Sess05_FB039,0.756
S08_Sess05_FB040,0.718
S08_Sess05_FB041,0.716
S08_Sess05_FB042,0.71
S08_Sess05_FB043,0.69
S08_Sess05_FB044,0.778
S08_Sess05_FB045,0.834
S08_Sess05_FB046,0.806
S08_Sess05_FB047,0.948
S08_Sess05_FB048,0.796
S08_Sess05_FB049,0.984
S08_Sess05_FB050,0.794
S08_Sess05_FB051,0.826
S08_Sess05_FB052,0.984
S08_Sess05_FB053,0.962
S08_Sess05_FB054,0.996
S08_Sess05_FB055,0.978
S08_Sess05_FB056,0.992
S08_Sess05_FB057,0.99
S08_Sess05_FB058,0.988
S08_Sess05_FB059,0.992
S08_Sess05_FB060,0.978
S08_Sess05_FB061,0.992
S08_Sess05_FB062,0.994
S08_Sess05_FB063,0.992
S08_Sess05_FB064,0.994
S08_Sess05_FB065,0.994
S08_Sess05_FB066,0.99
S08_Sess05_FB067,0.992
S08_Sess05_FB068,0.982
S08_Sess05_FB069,0.992
S08_Sess05_FB070,0.958
S08_Sess05_FB071,0.986
S08_Sess05_FB072,0.978
S08_Sess05_FB073,0.992
S08_Sess05_FB074,0.97
S08_Sess05_FB075,0.904
S08_Sess05_FB076,0.888
S08_Sess05_FB077,0.834
S08_Sess05_FB078,0.858
S08_Sess05_FB079,0.868
S08_Sess05_FB080,0.85
S08_Sess05_FB081,0.854
S08_Sess05_FB082,0.84
S08_Sess05_FB083,0.82
S08_Sess05_FB084,0.798
S08_Sess05_FB085,0.798
S08_Sess05_FB086,0.79
S08_Sess05_FB087,0.79
S08_Sess05_FB088,0.794
S08_Sess05_FB089,0.792
S08_Sess05_FB090,0.792
S08_Sess05_FB091,0.79
S08_Sess05_FB092,0.79
S08_Sess05_FB093,0.79
S08_Sess05_FB094,0.8
S08_Sess05_FB095,0.794
S08_Sess05_FB096,0.792
S08_Sess05_FB097,0.79
S08_Sess05_FB098,0.79
S08_Sess05_FB099,0.79
S08_Sess05_FB100,0.782
S09_Sess01_FB001,0.762
S09_Sess01_FB002,0.852
S09_Sess01_FB003,0.706
S09_Sess01_FB004,0.772
S09_Sess01_FB005,0.724
S09_Sess01_FB006,0.812
S09_Sess01_FB007,0.684
S09_Sess01_FB008,0.686
S09_Sess01_FB009,0.808
S09_Sess01_FB010,0.574
S09_Sess01_FB011,0.632
S09_Sess01_FB012,0.728
S09_Sess01_FB013,0.826
S09_Sess01_FB014,0.66
S09_Sess01_FB015,0.818
S09_Sess01_FB016,0.714
S09_Sess01_FB017,0.804
S09_Sess01_FB018,0.87
S09_Sess01_FB019,0.848
S09_Sess01_FB020,0.666
S09_Sess01_FB021,0.83
S09_Sess01_FB022,0.852
S09_Sess01_FB023,0.766
S09_Sess01_FB024,0.728
S09_Sess01_FB025,0.82
S09_Sess01_FB026,0.76
S09_Sess01_FB027,0.742
S09_Sess01_FB028,0.576
S09_Sess01_FB029,0.726
S09_Sess01_FB030,0.736
S09_Sess01_FB031,0.814
S09_Sess01_FB032,0.804
S09_Sess01_FB033,0.628
S09_Sess01_FB034,0.654
S09_Sess01_FB035,0.75
S09_Sess01_FB036,0.638
S09_Sess01_FB037,0.71
S09_Sess01_FB038,0.716
S09_Sess01_FB039,0.854
S09_Sess01_FB040,0.748
S09_Sess01_FB041,0.636
S09_Sess01_FB042,0.718
S09_Sess01_FB043,0.746
S09_Sess01_FB044,0.732
S09_Sess01_FB045,0.802
S09_Sess01_FB046,0.776
S09_Sess01_FB047,0.744
S09_Sess01_FB048,0.564
S09_Sess01_FB049,0.744
S09_Sess01_FB050,0.83
S09_Sess01_FB051,0.83
S09_Sess01_FB052,0.488
S09_Sess01_FB053,0.836
S09_Sess01_FB054,0.76
S09_Sess01_FB055,0.822
S09_Sess01_FB056,0.776
S09_Sess01_FB057,0.704
S09_Sess01_FB058,0.646
S09_Sess01_FB059,0.724
S09_Sess01_FB060,0.57
S09_Sess02_FB001,0.762
S09_Sess02_FB002,0.85
S09_Sess02_FB003,0.794
S09_Sess02_FB004,0.734
S09_Sess02_FB005,0.714
S09_Sess02_FB006,0.63
S09_Sess02_FB007,0.796
S09_Sess02_FB008,0.75
S09_Sess02_FB009,0.656
S09_Sess02_FB010,0.842
S09_Sess02_FB011,0.752
S09_Sess02_FB012,0.726
S09_Sess02_FB013,0.644
S09_Sess02_FB014,0.676
S09_Sess02_FB015,0.7
S09_Sess02_FB016,0.728
S09_Sess02_FB017,0.808
S09_Sess02_FB018,0.726
S09_Sess02_FB019,0.842
S09_Sess02_FB020,0.778
S09_Sess02_FB021,0.786
S09_Sess02_FB022,0.798
S09_Sess02_FB023,0.632
S09_Sess02_FB024,0.762
S09_Sess02_FB025,0.716
S09_Sess02_FB026,0.846
S09_Sess02_FB027,0.698
S09_Sess02_FB028,0.794
S09_Sess02_FB029,0.672
S09_Sess02_FB030,0.608
S09_Sess02_FB031,0.846
S09_Sess02_FB032,0.828
S09_Sess02_FB033,0.824
S09_Sess02_FB034,0.59
S09_Sess02_FB035,0.684
S09_Sess02_FB036,0.772
S09_Sess02_FB037,0.586
S09_Sess02_FB038,0.52
S09_Sess02_FB039,0.67
S09_Sess02_FB040,0.736
S09_Sess02_FB041,0.808
S09_Sess02_FB042,0.664
S09_Sess02_FB043,0.792
S09_Sess02_FB044,0.664
S09_Sess02_FB045,0.77
S09_Sess02_FB046,0.62
S09_Sess02_FB047,0.562
S09_Sess02_FB048,0.804
S09_Sess02_FB049,0.828
S09_Sess02_FB050,0.868
S09_Sess02_FB051,0.66
S09_Sess02_FB052,0.64
S09_Sess02_FB053,0.74
S09_Sess02_FB054,0.764
S09_Sess02_FB055,0.614
S09_Sess02_FB056,0.636
S09_Sess02_FB057,0.762
S09_Sess02_FB058,0.824
S09_Sess02_FB059,0.816
S09_Sess02_FB060,0.736
S09_Sess03_FB001,0.898
S09_Sess03_FB002,0.782
S09_Sess03_FB003,0.824
S09_Sess03_FB004,0.828
S09_Sess03_FB005,0.736
S09_Sess03_FB006,0.692
S09_Sess03_FB007,0.706
S09_Sess03_FB008,0.764
S09_Sess03_FB009,0.766
S09_Sess03_FB010,0.756
S09_Sess03_FB011,0.73
S09_Sess03_FB012,0.688
S09_Sess03_FB013,0.614
S09_Sess03_FB014,0.862
S09_Sess03_FB015,0.7
S09_Sess03_FB016,0.734
S09_Sess03_FB017,0.836
S09_Sess03_FB018,0.79
S09_Sess03_FB019,0.676
S09_Sess03_FB020,0.67
S09_Sess03_FB021,0.882
S09_Sess03_FB022,0.728
S09_Sess03_FB023,0.778
S09_Sess03_FB024,0.594
S09_Sess03_FB025,0.788
S09_Sess03_FB026,0.65
S09_Sess03_FB027,0.736
S09_Sess03_FB028,0.562
S09_Sess03_FB029,0.772
S09_Sess03_FB030,0.732
S09_Sess03_FB031,0.658
S09_Sess03_FB032,0.752
S09_Sess03_FB033,0.448
S09_Sess03_FB034,0.748
S09_Sess03_FB035,0.888
S09_Sess03_FB036,0.684
S09_Sess03_FB037,0.648
S09_Sess03_FB038,0.734
S09_Sess03_FB039,0.766
S09_Sess03_FB040,0.662
S09_Sess03_FB041,0.686
S09_Sess03_FB042,0.744
S09_Sess03_FB043,0.782
S09_Sess03_FB044,0.752
S09_Sess03_FB045,0.774
S09_Sess03_FB046,0.734
S09_Sess03_FB047,0.702
S09_Sess03_FB048,0.862
S09_Sess03_FB049,0.784
S09_Sess03_FB050,0.756
S09_Sess03_FB051,0.834
S09_Sess03_FB052,0.814
S09_Sess03_FB053,0.686
S09_Sess03_FB054,0.606
S09_Sess03_FB055,0.862
S09_Sess03_FB056,0.78
S09_Sess03_FB057,0.79
S09_Sess03_FB058,0.866
S09_Sess03_FB059,0.792
S09_Sess03_FB060,0.726
S09_Sess04_FB001,0.904
S09_Sess04_FB002,0.686
S09_Sess04_FB003,0.74
S09_Sess04_FB004,0.758
S09_Sess04_FB005,0.754
S09_Sess04_FB006,0.852
S09_Sess04_FB007,0.796
S09_Sess04_FB008,0.756
S09_Sess04_FB009,0.854
S09_Sess04_FB010,0.81
S09_Sess04_FB011,0.62
S09_Sess04_FB012,0.79
S09_Sess04_FB013,0.726
S09_Sess04_FB014,0.806
S09_Sess04_FB015,0.698
S09_Sess04_FB016,0.666
S09_Sess04_FB017,0.7
S09_Sess04_FB018,0.69
S09_Sess04_FB019,0.758
S09_Sess04_FB020,0.708
S09_Sess04_FB021,0.788
S09_Sess04_FB022,0.686
S09_Sess04_FB023,0.626
S09_Sess04_FB024,0.828
S09_Sess04_FB025,0.794
S09_Sess04_FB026,0.79
S09_Sess04_FB027,0.748
S09_Sess04_FB028,0.812
S09_Sess04_FB029,0.872
S09_Sess04_FB030,0.644
S09_Sess04_FB031,0.862
S09_Sess04_FB032,0.736
S09_Sess04_FB033,0.726
S09_Sess04_FB034,0.66
S09_Sess04_FB035,0.678
S09_Sess04_FB036,0.694
S09_Sess04_FB037,0.568
S09_Sess04_FB038,0.652
S09_Sess04_FB039,0.816
S09_Sess04_FB040,0.724
S09_Sess04_FB041,0.66
S09_Sess04_FB042,0.728
S09_Sess04_FB043,0.704
S09_Sess04_FB044,0.764
S09_Sess04_FB045,0.682
S09_Sess04_FB046,0.72
S09_Sess04_FB047,0.744
S09_Sess04_FB048,0.786
S09_Sess04_FB049,0.776
S09_Sess04_FB050,0.658
S09_Sess04_FB051,0.738
S09_Sess04_FB052,0.484
S09_Sess04_FB053,0.782
S09_Sess04_FB054,0.832
S09_Sess04_FB055,0.89
S09_Sess04_FB056,0.822
S09_Sess04_FB057,0.746
S09_Sess04_FB058,0.788
S09_Sess04_FB059,0.892
S09_Sess04_FB060,0.72
S09_Sess05_FB001,0.882
S09_Sess05_FB002,0.842
S09_Sess05_FB003,0.888
S09_Sess05_FB004,0.866
S09_Sess05_FB005,0.83
S09_Sess05_FB006,0.76
S09_Sess05_FB007,0.772
S09_Sess05_FB008,0.774
S09_Sess05_FB009,0.818
S09_Sess05_FB010,0.718
S09_Sess05_FB011,0.83
S09_Sess05_FB012,0.774
S09_Sess05_FB013,0.808
S09_Sess05_FB014,0.794
S09_Sess05_FB015,0.76
S09_Sess05_FB016,0.77
S09_Sess05_FB017,0.878
S09_Sess05_FB018,0.792
S09_Sess05_FB019,0.758
S09_Sess05_FB020,0.876
S09_Sess05_FB021,0.81
S09_Sess05_FB022,0.832
S09_Sess05_FB023,0.83
S09_Sess05_FB024,0.81
S09_Sess05_FB025,0.8
S09_Sess05_FB026,0.716
S09_Sess05_FB027,0.786
S09_Sess05_FB028,0.814
S09_Sess05_FB029,0.798
S09_Sess05_FB030,0.83
S09_Sess05_FB031,0.816
S09_Sess05_FB032,0.844
S09_Sess05_FB033,0.7
S09_Sess05_FB034,0.72
S09_Sess05_FB035,0.746
S09_Sess05_FB036,0.78
S09_Sess05_FB037,0.794
S09_Sess05_FB038,0.736
S09_Sess05_FB039,0.73
S09_Sess05_FB040,0.79
S09_Sess05_FB041,0.732
S09_Sess05_FB042,0.796
S09_Sess05_FB043,0.696
S09_Sess05_FB044,0.48
S09_Sess05_FB045,0.584
S09_Sess05_FB046,0.738
S09_Sess05_FB047,0.704
S09_Sess05_FB048,0.722
S09_Sess05_FB049,0.67
S09_Sess05_FB050,0.796
S09_Sess05_FB051,0.684
S09_Sess05_FB052,0.726
S09_Sess05_FB053,0.782
S09_Sess05_FB054,0.726
S09_Sess05_FB055,0.824
S09_Sess05_FB056,0.84
S09_Sess05_FB057,0.906
S09_Sess05_FB058,0.77
S09_Sess05_FB059,0.922
S09_Sess05_FB060,0.754
S09_Sess05_FB061,0.722
S09_Sess05_FB062,0.876
S09_Sess05_FB063,0.88
S09_Sess05_FB064,0.84
S09_Sess05_FB065,0.584
S09_Sess05_FB066,0.856
S09_Sess05_FB067,0.826
S09_Sess05_FB068,0.746
S09_Sess05_FB069,0.866
S09_Sess05_FB070,0.792
S09_Sess05_FB071,0.638
S09_Sess05_FB072,0.654
S09_Sess05_FB073,0.802
S09_Sess05_FB074,0.816
S09_Sess05_FB075,0.846
S09_Sess05_FB076,0.832
S09_Sess05_FB077,0.702
S09_Sess05_FB078,0.776
S09_Sess05_FB079,0.832
S09_Sess05_FB080,0.89
S09_Sess05_FB081,0.782
S09_Sess05_FB082,0.794
S09_Sess05_FB083,0.744
S09_Sess05_FB084,0.672
S09_Sess05_FB085,0.774
S09_Sess05_FB086,0.798
S09_Sess05_FB087,0.914
S09_Sess05_FB088,0.868
S09_Sess05_FB089,0.888
S09_Sess05_FB090,0.9
S09_Sess05_FB091,0.822
S09_Sess05_FB092,0.912
S09_Sess05_FB093,0.868
S09_Sess05_FB094,0.898
S09_Sess05_FB095,0.812
S09_Sess05_FB096,0.822
S09_Sess05_FB097,0.908
S09_Sess05_FB098,0.814
S09_Sess05_FB099,0.808
S09_Sess05_FB100,0.618
S10_Sess01_FB001,0.694
S10_Sess01_FB002,0.784
S10_Sess01_FB003,0.688
S10_Sess01_FB004,0.64
S10_Sess01_FB005,0.826
S10_Sess01_FB006,0.766
S10_Sess01_FB007,0.79
S10_Sess01_FB008,0.842
S10_Sess01_FB009,0.796
S10_Sess01_FB010,0.788
S10_Sess01_FB011,0.7
S10_Sess01_FB012,0.936
S10_Sess01_FB013,0.828
S10_Sess01_FB014,0.724
S10_Sess01_FB015,0.762
S10_Sess01_FB016,0.856
S10_Sess01_FB017,0.698
S10_Sess01_FB018,0.854
S10_Sess01_FB019,0.82
S10_Sess01_FB020,0.694
S10_Sess01_FB021,0.664
S10_Sess01_FB022,0.656
S10_Sess01_FB023,0.754
S10_Sess01_FB024,0.686
S10_Sess01_FB025,0.652
S10_Sess01_FB026,0.78
S10_Sess01_FB027,0.794
S10_Sess01_FB028,0.574
S10_Sess01_FB029,0.69
S10_Sess01_FB030,0.796
S10_Sess01_FB031,0.684
S10_Sess01_FB032,0.824
S10_Sess01_FB033,0.794
S10_Sess01_FB034,0.714
S10_Sess01_FB035,0.546
S10_Sess01_FB036,0.666
S10_Sess01_FB037,0.542
S10_Sess01_FB038,0.538
S10_Sess01_FB039,0.696
S10_Sess01_FB040,0.782
S10_Sess01_FB041,0.798
S10_Sess01_FB042,0.744
S10_Sess01_FB043,0.604
S10_Sess01_FB044,0.798
S10_Sess01_FB045,0.598
S10_Sess01_FB046,0.632
S10_Sess01_FB047,0.824
S10_Sess01_FB048,0.84
S10_Sess01_FB049,0.854
S10_Sess01_FB050,0.82
S10_Sess01_FB051,0.768
S10_Sess01_FB052,0.484
S10_Sess01_FB053,0.89
S10_Sess01_FB054,0.772
S10_Sess01_FB055,0.86
S10_Sess01_FB056,0.682
S10_Sess01_FB057,0.904
S10_Sess01_FB058,0.808
S10_Sess01_FB059,0.582
S10_Sess01_FB060,0.764
S10_Sess02_FB001,0.666
S10_Sess02_FB002,0.748
S10_Sess02_FB003,0.71
S10_Sess02_FB004,0.662
S10_Sess02_FB005,0.482
S10_Sess02_FB006,0.572
S10_Sess02_FB007,0.804
S10_Sess02_FB008,0.506
S10_Sess02_FB009,0.784
S10_Sess02_FB010,0.694
S10_Sess02_FB011,0.552
S10_Sess02_FB012,0.472
S10_Sess02_FB013,0.862
S10_Sess02_FB014,0.768
S10_Sess02_FB015,0.744
S10_Sess02_FB016,0.564
S10_Sess02_FB017,0.796
S10_Sess02_FB018,0.61
S10_Sess02_FB019,0.724
S10_Sess02_FB020,0.736
S10_Sess02_FB021,0.646
S10_Sess02_FB022,0.726
S10_Sess02_FB023,0.602
S10_Sess02_FB024,0.668
S10_Sess02_FB025,0.72
S10_Sess02_FB026,0.698
S10_Sess02_FB027,0.65
S10_Sess02_FB028,0.826
S10_Sess02_FB029,0.628
S10_Sess02_FB030,0.596
S10_Sess02_FB031,0.78
S10_Sess02_FB032,0.498
S10_Sess02_FB033,0.598
S10_Sess02_FB034,0.608
S10_Sess02_FB035,0.644
S10_Sess02_FB036,0.756
S10_Sess02_FB037,0.738
S10_Sess02_FB038,0.65
S10_Sess02_FB039,0.776
S10_Sess02_FB040,0.694
S10_Sess02_FB041,0.666
S10_Sess02_FB042,0.712
S10_Sess02_FB043,0.72
S10_Sess02_FB044,0.852
S10_Sess02_FB045,0.732
S10_Sess02_FB046,0.542
S10_Sess02_FB047,0.826
S10_Sess02_FB048,0.776
S10_Sess02_FB049,0.756
S10_Sess02_FB050,0.746
S10_Sess02_FB051,0.606
S10_Sess02_FB052,0.764
S10_Sess02_FB053,0.656
S10_Sess02_FB054,0.796
S10_Sess02_FB055,0.81
S10_Sess02_FB056,0.814
S10_Sess02_FB057,0.802
S10_Sess02_FB058,0.742
S10_Sess02_FB059,0.696
S10_Sess02_FB060,0.838
S10_Sess03_FB001,0.978
S10_Sess03_FB002,0.92
S10_Sess03_FB003,0.832
S10_Sess03_FB004,0.716
S10_Sess03_FB005,0.858
S10_Sess03_FB006,0.924
S10_Sess03_FB007,0.822
S10_Sess03_FB008,0.796
S10_Sess03_FB009,0.704
S10_Sess03_FB010,0.846
S10_Sess03_FB011,0.882
S10_Sess03_FB012,0.822
S10_Sess03_FB013,0.826
S10_Sess03_FB014,0.81
S10_Sess03_FB015,0.76
S10_Sess03_FB016,0.774
S10_Sess03_FB017,0.756
S10_Sess03_FB018,0.82
S10_Sess03_FB019,0.816
S10_Sess03_FB020,0.732
S10_Sess03_FB021,0.768
S10_Sess03_FB022,0.512
S10_Sess03_FB023,0.674
S10_Sess03_FB024,0.738
S10_Sess03_FB025,0.824
S10_Sess03_FB026,0.756
S10_Sess03_FB027,0.728
S10_Sess03_FB028,0.616
S10_Sess03_FB029,0.658
S10_Sess03_FB030,0.794
S10_Sess03_FB031,0.78
S10_Sess03_FB032,0.752
S10_Sess03_FB033,0.792
S10_Sess03_FB034,0.716
S10_Sess03_FB035,0.664
S10_Sess03_FB036,0.76
S10_Sess03_FB037,0.756
S10_Sess03_FB038,0.872
S10_Sess03_FB039,0.762
S10_Sess03_FB040,0.8
S10_Sess03_FB041,0.732
S10_Sess03_FB042,0.802
S10_Sess03_FB043,0.802
S10_Sess03_FB044,0.816
S10_Sess03_FB045,0.888
S10_Sess03_FB046,0.894
S10_Sess03_FB047,0.812
S10_Sess03_FB048,0.844
S10_Sess03_FB049,0.764
S10_Sess03_FB050,0.714
S10_Sess03_FB051,0.594
S10_Sess03_FB052,0.79
S10_Sess03_FB053,0.868
S10_Sess03_FB054,0.734
S10_Sess03_FB055,0.782
S10_Sess03_FB056,0.644
S10_Sess03_FB057,0.73
S10_Sess03_FB058,0.768
S10_Sess03_FB059,0.802
S10_Sess03_FB060,0.834
S10_Sess04_FB001,0.756
S10_Sess04_FB002,0.768
S10_Sess04_FB003,0.786
S10_Sess04_FB004,0.79
S10_Sess04_FB005,0.79
S10_Sess04_FB006,0.794
S10_Sess04_FB007,0.792
S10_Sess04_FB008,0.802
S10_Sess04_FB009,0.846
S10_Sess04_FB010,0.938
S10_Sess04_FB011,0.99
S10_Sess04_FB012,0.99
S10_Sess04_FB013,0.98
S10_Sess04_FB014,0.984
S10_Sess04_FB015,0.902
S10_Sess04_FB016,0.936
S10_Sess04_FB017,0.842
S10_Sess04_FB018,0.906
S10_Sess04_FB019,0.79
S10_Sess04_FB020,0.758
S10_Sess04_FB021,0.79
S10_Sess04_FB022,0.69
S10_Sess04_FB023,0.794
S10_Sess04_FB024,0.676
S10_Sess04_FB025,0.762
S10_Sess04_FB026,0.896
S10_Sess04_FB027,0.76
S10_Sess04_FB028,0.732
S10_Sess04_FB029,0.794
S10_Sess04_FB030,0.68
S10_Sess04_FB031,0.752
S10_Sess04_FB032,0.726
S10_Sess04_FB033,0.794
S10_Sess04_FB034,0.808
S10_Sess04_FB035,0.894
S10_Sess04_FB036,0.84
S10_Sess04_FB037,0.848
S10_Sess04_FB038,0.84
S10_Sess04_FB039,0.826
S10_Sess04_FB040,0.852
S10_Sess04_FB041,0.812
S10_Sess04_FB042,0.828
S10_Sess04_FB043,0.864
S10_Sess04_FB044,0.886
S10_Sess04_FB045,0.876
S10_Sess04_FB046,0.942
S10_Sess04_FB047,0.85
S10_Sess04_FB048,0.322
S10_Sess04_FB049,0.152
S10_Sess04_FB050,0.148
S10_Sess04_FB051,0.148
S10_Sess04_FB052,0.148
S10_Sess04_FB053,0.148
S10_Sess04_FB054,0.148
S10_Sess04_FB055,0.148
S10_Sess04_FB056,0.148
S10_Sess04_FB057,0.148
S10_Sess04_FB058,0.148
S10_Sess04_FB059,0.148
S10_Sess04_FB060,0.148
S10_Sess05_FB001,0.846
S10_Sess05_FB002,0.744
S10_Sess05_FB003,0.86
S10_Sess05_FB004,0.922
S10_Sess05_FB005,0.802
S10_Sess05_FB006,0.896
S10_Sess05_FB007,0.932
S10_Sess05_FB008,0.938
S10_Sess05_FB009,0.898
S10_Sess05_FB010,0.848
S10_Sess05_FB011,0.814
S10_Sess05_FB012,0.808
S10_Sess05_FB013,0.926
S10_Sess05_FB014,0.766
S10_Sess05_FB015,0.894
S10_Sess05_FB016,0.69
S10_Sess05_FB017,0.848
S10_Sess05_FB018,0.588
S10_Sess05_FB019,0.726
S10_Sess05_FB020,0.762
S10_Sess05_FB021,0.598
S10_Sess05_FB022,0.764
S10_Sess05_FB023,0.764
S10_Sess05_FB024,0.952
S10_Sess05_FB025,0.876
S10_Sess05_FB026,0.91
S10_Sess05_FB027,0.704
S10_Sess05_FB028,0.91
S10_Sess05_FB029,0.734
S10_Sess05_FB030,0.79
S10_Sess05_FB031,0.742
S10_Sess05_FB032,0.752
S10_Sess05_FB033,0.818
S10_Sess05_FB034,0.734
S10_Sess05_FB035,0.786
S10_Sess05_FB036,0.528
S10_Sess05_FB037,0.574
S10_Sess05_FB038,0.524
S10_Sess05_FB039,0.776
S10_Sess05_FB040,0.776
S10_Sess05_FB041,0.736
S10_Sess05_FB042,0.78
S10_Sess05_FB043,0.744
S10_Sess05_FB044,0.786
S10_Sess05_FB045,0.704
S10_Sess05_FB046,0.704
S10_Sess05_FB047,0.704
S10_Sess05_FB048,0.76
S10_Sess05_FB049,0.646
S10_Sess05_FB050,0.554
S10_Sess05_FB051,0.562
S10_Sess05_FB052,0.734
S10_Sess05_FB053,0.636
S10_Sess05_FB054,0.794
S10_Sess05_FB055,0.776
S10_Sess05_FB056,0.694
S10_Sess05_FB057,0.53
S10_Sess05_FB058,0.816
S10_Sess05_FB059,0.584
S10_Sess05_FB060,0.838
S10_Sess05_FB061,0.568
S10_Sess05_FB062,0.804
S10_Sess05_FB063,0.78
S10_Sess05_FB064,0.52
S10_Sess05_FB065,0.778
S10_Sess05_FB066,0.712
S10_Sess05_FB067,0.598
S10_Sess05_FB068,0.884
S10_Sess05_FB069,0.77
S10_Sess05_FB070,0.904
S10_Sess05_FB071,0.842
S10_Sess05_FB072,0.82
S10_Sess05_FB073,0.856
S10_Sess05_FB074,0.802
S10_Sess05_FB075,0.732
S10_Sess05_FB076,0.86
S10_Sess05_FB077,0.702
S10_Sess05_FB078,0.75
S10_Sess05_FB079,0.878
S10_Sess05_FB080,0.964
S10_Sess05_FB081,0.972
S10_Sess05_FB082,0.978
S10_Sess05_FB083,0.956
S10_Sess05_FB084,0.98
S10_Sess05_FB085,0.96
S10_Sess05_FB086,0.836
S10_Sess05_FB087,0.852
S10_Sess05_FB088,0.968
S10_Sess05_FB089,0.846
S10_Sess05_FB090,0.888
S10_Sess05_FB091,0.98
S10_Sess05_FB092,0.886
S10_Sess05_FB093,0.838
S10_Sess05_FB094,0.95
S10_Sess05_FB095,0.934
S10_Sess05_FB096,0.718
S10_Sess05_FB097,0.77
S10_Sess05_FB098,0.732
S10_Sess05_FB099,0.72
S10_Sess05_FB100,0.674
S15_Sess01_FB001,0.824
S15_Sess01_FB002,0.89
S15_Sess01_FB003,0.878
S15_Sess01_FB004,0.86
S15_Sess01_FB005,0.704
S15_Sess01_FB006,0.686
S15_Sess01_FB007,0.838
S15_Sess01_FB008,0.85
S15_Sess01_FB009,0.792
S15_Sess01_FB010,0.83
S15_Sess01_FB011,0.79
S15_Sess01_FB012,0.86
S15_Sess01_FB013,0.808
S15_Sess01_FB014,0.876
S15_Sess01_FB015,0.744
S15_Sess01_FB016,0.712
S15_Sess01_FB017,0.738
S15_Sess01_FB018,0.854
S15_Sess01_FB019,0.666
S15_Sess01_FB020,0.704
S15_Sess01_FB021,0.752
S15_Sess01_FB022,0.808
S15_Sess01_FB023,0.776
S15_Sess01_FB024,0.796
S15_Sess01_FB025,0.78
S15_Sess01_FB026,0.786
S15_Sess01_FB027,0.734
S15_Sess01_FB028,0.85
S15_Sess01_FB029,0.858
S15_Sess01_FB030,0.774
S15_Sess01_FB031,0.708
S15_Sess01_FB032,0.836
S15_Sess01_FB033,0.752
S15_Sess01_FB034,0.762
S15_Sess01_FB035,0.776
S15_Sess01_FB036,0.666
S15_Sess01_FB037,0.726
S15_Sess01_FB038,0.802
S15_Sess01_FB039,0.848
S15_Sess01_FB040,0.818
S15_Sess01_FB041,0.9
S15_Sess01_FB042,0.73
S15_Sess01_FB043,0.622
S15_Sess01_FB044,0.848
S15_Sess01_FB045,0.63
S15_Sess01_FB046,0.712
S15_Sess01_FB047,0.834
S15_Sess01_FB048,0.808
S15_Sess01_FB049,0.882
S15_Sess01_FB050,0.842
S15_Sess01_FB051,0.742
S15_Sess01_FB052,0.82
S15_Sess01_FB053,0.736
S15_Sess01_FB054,0.864
S15_Sess01_FB055,0.924
S15_Sess01_FB056,0.786
S15_Sess01_FB057,0.828
S15_Sess01_FB058,0.802
S15_Sess01_FB059,0.696
S15_Sess01_FB060,0.808
S15_Sess02_FB001,0.71
S15_Sess02_FB002,0.808
S15_Sess02_FB003,0.8
S15_Sess02_FB004,0.844
S15_Sess02_FB005,0.754
S15_Sess02_FB006,0.816
S15_Sess02_FB007,0.85
S15_Sess02_FB008,0.728
S15_Sess02_FB009,0.65
S15_Sess02_FB010,0.622
S15_Sess02_FB011,0.452
S15_Sess02_FB012,0.76
S15_Sess02_FB013,0.606
S15_Sess02_FB014,0.742
S15_Sess02_FB015,0.748
S15_Sess02_FB016,0.744
S15_Sess02_FB017,0.758
S15_Sess02_FB018,0.728
S15_Sess02_FB019,0.824
S15_Sess02_FB020,0.744
S15_Sess02_FB021,0.796
S15_Sess02_FB022,0.802
S15_Sess02_FB023,0.79
S15_Sess02_FB024,0.604
S15_Sess02_FB025,0.484
S15_Sess02_FB026,0.724
S15_Sess02_FB027,0.848
S15_Sess02_FB028,0.768
S15_Sess02_FB029,0.584
S15_Sess02_FB030,0.754
S15_Sess02_FB031,0.57
S15_Sess02_FB032,0.74
S15_Sess02_FB033,0.754
S15_Sess02_FB034,0.798
S15_Sess02_FB035,0.792
S15_Sess02_FB036,0.606
S15_Sess02_FB037,0.718
S15_Sess02_FB038,0.76
S15_Sess02_FB039,0.786
S15_Sess02_FB040,0.648
S15_Sess02_FB041,0.696
S15_Sess02_FB042,0.536
S15_Sess02_FB043,0.546
S15_Sess02_FB044,0.892
S15_Sess02_FB045,0.494
S15_Sess02_FB046,0.682
S15_Sess02_FB047,0.686
S15_Sess02_FB048,0.628
S15_Sess02_FB049,0.742
S15_Sess02_FB050,0.708
S15_Sess02_FB051,0.646
S15_Sess02_FB052,0.818
S15_Sess02_FB053,0.68
S15_Sess02_FB054,0.488
S15_Sess02_FB055,0.54
S15_Sess02_FB056,0.816
S15_Sess02_FB057,0.81
S15_Sess02_FB058,0.79
S15_Sess02_FB059,0.692
S15_Sess02_FB060,0.702
S15_Sess03_FB001,0.89
S15_Sess03_FB002,0.782
S15_Sess03_FB003,0.862
S15_Sess03_FB004,0.814
S15_Sess03_FB005,0.856
S15_Sess03_FB006,0.716
S15_Sess03_FB007,0.768
S15_Sess03_FB008,0.698
S15_Sess03_FB009,0.86
S15_Sess03_FB010,0.66
S15_Sess03_FB011,0.606
S15_Sess03_FB012,0.642
S15_Sess03_FB013,0.654
S15_Sess03_FB014,0.858
S15_Sess03_FB015,0.792
S15_Sess03_FB016,0.828
S15_Sess03_FB017,0.844
S15_Sess03_FB018,0.574
S15_Sess03_FB019,0.868
S15_Sess03_FB020,0.836
S15_Sess03_FB021,0.524
S15_Sess03_FB022,0.722
S15_Sess03_FB023,0.826
S15_Sess03_FB024,0.816
S15_Sess03_FB025,0.712
S15_Sess03_FB026,0.828
S15_Sess03_FB027,0.63
S15_Sess03_FB028,0.766
S15_Sess03_FB029,0.644
S15_Sess03_FB030,0.592
S15_Sess03_FB031,0.732
S15_Sess03_FB032,0.87
S15_Sess03_FB033,0.778
S15_Sess03_FB034,0.61
S15_Sess03_FB035,0.752
S15_Sess03_FB036,0.78
S15_Sess03_FB037,0.766
S15_Sess03_FB038,0.722
S15_Sess03_FB039,0.73
S15_Sess03_FB040,0.708
S15_Sess03_FB041,0.614
S15_Sess03_FB042,0.75
S15_Sess03_FB043,0.736
S15_Sess03_FB044,0.73
S15_Sess03_FB045,0.78
S15_Sess03_FB046,0.764
S15_Sess03_FB047,0.778
S15_Sess03_FB048,0.746
S15_Sess03_FB049,0.68
S15_Sess03_FB050,0.614
S15_Sess03_FB051,0.72
S15_Sess03_FB052,0.948
S15_Sess03_FB053,0.796
S15_Sess03_FB054,0.808
S15_Sess03_FB055,0.822
S15_Sess03_FB056,0.818
S15_Sess03_FB057,0.87
S15_Sess03_FB058,0.858
S15_Sess03_FB059,0.886
S15_Sess03_FB060,0.866
S15_Sess04_FB001,0.84
S15_Sess04_FB002,0.86
S15_Sess04_FB003,0.874
S15_Sess04_FB004,0.898
S15_Sess04_FB005,0.844
S15_Sess04_FB006,0.908
S15_Sess04_FB007,0.786
S15_Sess04_FB008,0.926
S15_Sess04_FB009,0.804
S15_Sess04_FB010,0.844
S15_Sess04_FB011,0.876
S15_Sess04_FB012,0.772
S15_Sess04_FB013,0.894
S15_Sess04_FB014,0.694
S15_Sess04_FB015,0.802
S15_Sess04_FB016,0.732
S15_Sess04_FB017,0.81
S15_Sess04_FB018,0.83
S15_Sess04_FB019,0.698
S15_Sess04_FB020,0.792
S15_Sess04_FB021,0.702
S15_Sess04_FB022,0.702
S15_Sess04_FB023,0.666
S15_Sess04_FB024,0.712
S15_Sess04_FB025,0.736
S15_Sess04_FB026,0.686
S15_Sess04_FB027,0.786
S15_Sess04_FB028,0.896
S15_Sess04_FB029,0.816
S15_Sess04_FB030,0.648
S15_Sess04_FB031,0.926
S15_Sess04_FB032,0.846
S15_Sess04_FB033,0.868
S15_Sess04_FB034,0.888
S15_Sess04_FB035,0.418
S15_Sess04_FB036,0.808
S15_Sess04_FB037,0.748
S15_Sess04_FB038,0.814
S15_Sess04_FB039,0.692
S15_Sess04_FB040,0.772
S15_Sess04_FB041,0.622
S15_Sess04_FB042,0.876
S15_Sess04_FB043,0.774
S15_Sess04_FB044,0.876
S15_Sess04_FB045,0.556
S15_Sess04_FB046,0.674
S15_Sess04_FB047,0.718
S15_Sess04_FB048,0.882
S15_Sess04_FB049,0.694
S15_Sess04_FB050,0.6
S15_Sess04_FB051,0.82
S15_Sess04_FB052,0.64
S15_Sess04_FB053,0.71
S15_Sess04_FB054,0.852
S15_Sess04_FB055,0.734
S15_Sess04_FB056,0.822
S15_Sess04_FB057,0.85
S15_Sess04_FB058,0.888
S15_Sess04_FB059,0.77
S15_Sess04_FB060,0.58
S15_Sess05_FB001,0.98
S15_Sess05_FB002,0.818
S15_Sess05_FB003,0.854
S15_Sess05_FB004,0.762
S15_Sess05_FB005,0.83
S15_Sess05_FB006,0.784
S15_Sess05_FB007,0.822
S15_Sess05_FB008,0.744
S15_Sess05_FB009,0.908
S15_Sess05_FB010,0.866
S15_Sess05_FB011,0.86
S15_Sess05_FB012,0.842
S15_Sess05_FB013,0.818
S15_Sess05_FB014,0.95
S15_Sess05_FB015,0.844
S15_Sess05_FB016,0.792
S15_Sess05_FB017,0.87
S15_Sess05_FB018,0.822
S15_Sess05_FB019,0.742
S15_Sess05_FB020,0.84
S15_Sess05_FB021,0.76
S15_Sess05_FB022,0.758
S15_Sess05_FB023,0.818
S15_Sess05_FB024,0.674
S15_Sess05_FB025,0.796
S15_Sess05_FB026,0.886
S15_Sess05_FB027,0.742
S15_Sess05_FB028,0.676
S15_Sess05_FB029,0.84
S15_Sess05_FB030,0.866
S15_Sess05_FB031,0.778
S15_Sess05_FB032,0.828
S15_Sess05_FB033,0.744
S15_Sess05_FB034,0.828
S15_Sess05_FB035,0.748
S15_Sess05_FB036,0.904
S15_Sess05_FB037,0.83
S15_Sess05_FB038,0.798
S15_Sess05_FB039,0.826
S15_Sess05_FB040,0.684
S15_Sess05_FB041,0.9
S15_Sess05_FB042,0.87
S15_Sess05_FB043,0.928
S15_Sess05_FB044,0.71
S15_Sess05_FB045,0.866
S15_Sess05_FB046,0.764
S15_Sess05_FB047,0.826
S15_Sess05_FB048,0.756
S15_Sess05_FB049,0.672
S15_Sess05_FB050,0.78
S15_Sess05_FB051,0.796
S15_Sess05_FB052,0.866
S15_Sess05_FB053,0.772
S15_Sess05_FB054,0.864
S15_Sess05_FB055,0.918
S15_Sess05_FB056,0.82
S15_Sess05_FB057,0.894
S15_Sess05_FB058,0.898
S15_Sess05_FB059,0.9
S15_Sess05_FB060,0.862
S15_Sess05_FB061,0.692
S15_Sess05_FB062,0.798
S15_Sess05_FB063,0.808
S15_Sess05_FB064,0.834
S15_Sess05_FB065,0.844
S15_Sess05_FB066,0.89
S15_Sess05_FB067,0.712
S15_Sess05_FB068,0.752
S15_Sess05_FB069,0.798
S15_Sess05_FB070,0.748
S15_Sess05_FB071,0.786
S15_Sess05_FB072,0.844
S15_Sess05_FB073,0.704
S15_Sess05_FB074,0.874
S15_Sess05_FB075,0.76
S15_Sess05_FB076,0.776
S15_Sess05_FB077,0.76
S15_Sess05_FB078,0.878
S15_Sess05_FB079,0.82
S15_Sess05_FB080,0.854
S15_Sess05_FB081,0.87
S15_Sess05_FB082,0.808
S15_Sess05_FB083,0.54
S15_Sess05_FB084,0.74
S15_Sess05_FB085,0.944
S15_Sess05_FB086,0.778
S15_Sess05_FB087,0.772
S15_Sess05_FB088,0.794
S15_Sess05_FB089,0.728
S15_Sess05_FB090,0.906
S15_Sess05_FB091,0.856
S15_Sess05_FB092,0.768
S15_Sess05_FB093,0.82
S15_Sess05_FB094,0.794
S15_Sess05_FB095,0.872
S15_Sess05_FB096,0.89
S15_Sess05_FB097,0.778
S15_Sess05_FB098,0.718
S15_Sess05_FB099,0.654
S15_Sess05_FB100,0.824
S19_Sess01_FB001,0.806
S19_Sess01_FB002,0.586
S19_Sess01_FB003,0.73
S19_Sess01_FB004,0.688
S19_Sess01_FB005,0.604
S19_Sess01_FB006,0.588
S19_Sess01_FB007,0.62
S19_Sess01_FB008,0.676
S19_Sess01_FB009,0.702
S19_Sess01_FB010,0.858
S19_Sess01_FB011,0.632
S19_Sess01_FB012,0.674
S19_Sess01_FB013,0.832
S19_Sess01_FB014,0.538
S19_Sess01_FB015,0.542
S19_Sess01_FB016,0.688
S19_Sess01_FB017,0.684
S19_Sess01_FB018,0.794
S19_Sess01_FB019,0.78
S19_Sess01_FB020,0.74
S19_Sess01_FB021,0.8
S19_Sess01_FB022,0.79
S19_Sess01_FB023,0.854
S19_Sess01_FB024,0.832
S19_Sess01_FB025,0.894
S19_Sess01_FB026,0.828
S19_Sess01_FB027,0.78
S19_Sess01_FB028,0.822
S19_Sess01_FB029,0.678
S19_Sess01_FB030,0.73
S19_Sess01_FB031,0.798
S19_Sess01_FB032,0.72
S19_Sess01_FB033,0.86
S19_Sess01_FB034,0.77
S19_Sess01_FB035,0.78
S19_Sess01_FB036,0.808
S19_Sess01_FB037,0.682
S19_Sess01_FB038,0.746
S19_Sess01_FB039,0.754
S19_Sess01_FB040,0.866
S19_Sess01_FB041,0.744
S19_Sess01_FB042,0.714
S19_Sess01_FB043,0.666
S19_Sess01_FB044,0.58
S19_Sess01_FB045,0.694
S19_Sess01_FB046,0.706
S19_Sess01_FB047,0.75
S19_Sess01_FB048,0.512
S19_Sess01_FB049,0.758
S19_Sess01_FB050,0.498
S19_Sess01_FB051,0.736
S19_Sess01_FB052,0.886
S19_Sess01_FB053,0.958
S19_Sess01_FB054,0.742
S19_Sess01_FB055,0.8
S19_Sess01_FB056,0.864
S19_Sess01_FB057,0.9
S19_Sess01_FB058,0.824
S19_Sess01_FB059,0.838
S19_Sess01_FB060,0.978
S19_Sess02_FB001,0.77
S19_Sess02_FB002,0.64
S19_Sess02_FB003,0.794
S19_Sess02_FB004,0.76
S19_Sess02_FB005,0.812
S19_Sess02_FB006,0.832
S19_Sess02_FB007,0.758
S19_Sess02_FB008,0.842
S19_Sess02_FB009,0.71
S19_Sess02_FB010,0.832
S19_Sess02_FB011,0.764
S19_Sess02_FB012,0.78
S19_Sess02_FB013,0.792
S19_Sess02_FB014,0.768
S19_Sess02_FB015,0.8
S19_Sess02_FB016,0.81
S19_Sess02_FB017,0.858
S19_Sess02_FB018,0.784
S19_Sess02_FB019,0.656
S19_Sess02_FB020,0.724
S19_Sess02_FB021,0.75
S19_Sess02_FB022,0.776
S19_Sess02_FB023,0.8
S19_Sess02_FB024,0.754
S19_Sess02_FB025,0.69
S19_Sess02_FB026,0.702
S19_Sess02_FB027,0.626
S19_Sess02_FB028,0.796
S19_Sess02_FB029,0.758
S19_Sess02_FB030,0.624
S19_Sess02_FB031,0.738
S19_Sess02_FB032,0.738
S19_Sess02_FB033,0.652
S19_Sess02_FB034,0.654
S19_Sess02_FB035,0.674
S19_Sess02_FB036,0.772
S19_Sess02_FB037,0.694
S19_Sess02_FB038,0.692
S19_Sess02_FB039,0.788
S19_Sess02_FB040,0.724
S19_Sess02_FB041,0.562
S19_Sess02_FB042,0.776
S19_Sess02_FB043,0.614
S19_Sess02_FB044,0.54
S19_Sess02_FB045,0.572
S19_Sess02_FB046,0.784
S19_Sess02_FB047,0.742
S19_Sess02_FB048,0.708
S19_Sess02_FB049,0.818
S19_Sess02_FB050,0.712
S19_Sess02_FB051,0.7
S19_Sess02_FB052,0.814
S19_Sess02_FB053,0.74
S19_Sess02_FB054,0.766
S19_Sess02_FB055,0.766
S19_Sess02_FB056,0.602
S19_Sess02_FB057,0.774
S19_Sess02_FB058,0.914
S19_Sess02_FB059,0.788
S19_Sess02_FB060,0.708
S19_Sess03_FB001,0.71
S19_Sess03_FB002,0.632
S19_Sess03_FB003,0.794
S19_Sess03_FB004,0.816
S19_Sess03_FB005,0.658
S19_Sess03_FB006,0.672
S19_Sess03_FB007,0.744
S19_Sess03_FB008,0.744
S19_Sess03_FB009,0.682
S19_Sess03_FB010,0.778
S19_Sess03_FB011,0.678
S19_Sess03_FB012,0.788
S19_Sess03_FB013,0.766
S19_Sess03_FB014,0.734
S19_Sess03_FB015,0.634
S19_Sess03_FB016,0.536
S19_Sess03_FB017,0.716
S19_Sess03_FB018,0.742
S19_Sess03_FB019,0.51
S19_Sess03_FB020,0.834
S19_Sess03_FB021,0.694
S19_Sess03_FB022,0.746
S19_Sess03_FB023,0.66
S19_Sess03_FB024,0.598
S19_Sess03_FB025,0.808
S19_Sess03_FB026,0.758
S19_Sess03_FB027,0.654
S19_Sess03_FB028,0.678
S19_Sess03_FB029,0.796
S19_Sess03_FB030,0.706
S19_Sess03_FB031,0.694
S19_Sess03_FB032,0.712
S19_Sess03_FB033,0.576
S19_Sess03_FB034,0.764
S19_Sess03_FB035,0.664
S19_Sess03_FB036,0.768
S19_Sess03_FB037,0.534
S19_Sess03_FB038,0.662
S19_Sess03_FB039,0.744
S19_Sess03_FB040,0.606
S19_Sess03_FB041,0.714
S19_Sess03_FB042,0.598
S19_Sess03_FB043,0.68
S19_Sess03_FB044,0.73
S19_Sess03_FB045,0.844
S19_Sess03_FB046,0.708
S19_Sess03_FB047,0.782
S19_Sess03_FB048,0.818
S19_Sess03_FB049,0.658
S19_Sess03_FB050,0.678
S19_Sess03_FB051,0.736
S19_Sess03_FB052,0.724
S19_Sess03_FB053,0.63
S19_Sess03_FB054,0.664
S19_Sess03_FB055,0.636
S19_Sess03_FB056,0.648
S19_Sess03_FB057,0.716
S19_Sess03_FB058,0.706
S19_Sess03_FB059,0.728
S19_Sess03_FB060,0.648
S19_Sess04_FB001,0.922
S19_Sess04_FB002,0.888
S19_Sess04_FB003,0.922
S19_Sess04_FB004,0.922
S19_Sess04_FB005,0.87
S19_Sess04_FB006,0.704
S19_Sess04_FB007,0.872
S19_Sess04_FB008,0.898
S19_Sess04_FB009,0.87
S19_Sess04_FB010,0.858
S19_Sess04_FB011,0.782
S19_Sess04_FB012,0.786
S19_Sess04_FB013,0.756
S19_Sess04_FB014,0.756
S19_Sess04_FB015,0.722
S19_Sess04_FB016,0.736
S19_Sess04_FB017,0.702
S19_Sess04_FB018,0.708
S19_Sess04_FB019,0.882
S19_Sess04_FB020,0.798
S19_Sess04_FB021,0.87
S19_Sess04_FB022,0.652
S19_Sess04_FB023,0.746
S19_Sess04_FB024,0.74
S19_Sess04_FB025,0.8
S19_Sess04_FB026,0.54
S19_Sess04_FB027,0.88
S19_Sess04_FB028,0.784
S19_Sess04_FB029,0.822
S19_Sess04_FB030,0.736
S19_Sess04_FB031,0.756
S19_Sess04_FB032,0.774
S19_Sess04_FB033,0.798
S19_Sess04_FB034,0.594
S19_Sess04_FB035,0.694
S19_Sess04_FB036,0.76
S19_Sess04_FB037,0.688
S19_Sess04_FB038,0.742
S19_Sess04_FB039,0.738
S19_Sess04_FB040,0.614
S19_Sess04_FB041,0.686
S19_Sess04_FB042,0.738
S19_Sess04_FB043,0.872
S19_Sess04_FB044,0.644
S19_Sess04_FB045,0.866
S19_Sess04_FB046,0.788
S19_Sess04_FB047,0.7
S19_Sess04_FB048,0.81
S19_Sess04_FB049,0.822
S19_Sess04_FB050,0.752
S19_Sess04_FB051,0.888
S19_Sess04_FB052,0.728
S19_Sess04_FB053,0.794
S19_Sess04_FB054,0.744
S19_Sess04_FB055,0.72
S19_Sess04_FB056,0.858
S19_Sess04_FB057,0.454
S19_Sess04_FB058,0.958
S19_Sess04_FB059,0.894
S19_Sess04_FB060,0.948
S19_Sess05_FB001,0.842
S19_Sess05_FB002,0.782
S19_Sess05_FB003,0.722
S19_Sess05_FB004,0.804
S19_Sess05_FB005,0.808
S19_Sess05_FB006,0.836
S19_Sess05_FB007,0.782
S19_Sess05_FB008,0.792
S19_Sess05_FB009,0.816
S19_Sess05_FB010,0.856
S19_Sess05_FB011,0.906
S19_Sess05_FB012,0.842
S19_Sess05_FB013,0.722
S19_Sess05_FB014,0.828
S19_Sess05_FB015,0.64
S19_Sess05_FB016,0.818
S19_Sess05_FB017,0.692
S19_Sess05_FB018,0.664
S19_Sess05_FB019,0.748
S19_Sess05_FB020,0.716
S19_Sess05_FB021,0.806
S19_Sess05_FB022,0.724
S19_Sess05_FB023,0.71
S19_Sess05_FB024,0.734
S19_Sess05_FB025,0.724
S19_Sess05_FB026,0.708
S19_Sess05_FB027,0.704
S19_Sess05_FB028,0.678
S19_Sess05_FB029,0.606
S19_Sess05_FB030,0.714
S19_Sess05_FB031,0.716
S19_Sess05_FB032,0.702
S19_Sess05_FB033,0.678
S19_Sess05_FB034,0.818
S19_Sess05_FB035,0.64
S19_Sess05_FB036,0.78
S19_Sess05_FB037,0.796
S19_Sess05_FB038,0.698
S19_Sess05_FB039,0.666
S19_Sess05_FB040,0.71
S19_Sess05_FB041,0.764
S19_Sess05_FB042,0.736
S19_Sess05_FB043,0.728
S19_Sess05_FB044,0.624
S19_Sess05_FB045,0.696
S19_Sess05_FB046,0.688
S19_Sess05_FB047,0.754
S19_Sess05_FB048,0.79
S19_Sess05_FB049,0.758
S19_Sess05_FB050,0.7
S19_Sess05_FB051,0.63
S19_Sess05_FB052,0.668
S19_Sess05_FB053,0.8
S19_Sess05_FB054,0.708
S19_Sess05_FB055,0.434
S19_Sess05_FB056,0.674
S19_Sess05_FB057,0.714
S19_Sess05_FB058,0.706
S19_Sess05_FB059,0.774
S19_Sess05_FB060,0.708
S19_Sess05_FB061,0.794
S19_Sess05_FB062,0.71
S19_Sess05_FB063,0.666
S19_Sess05_FB064,0.638
S19_Sess05_FB065,0.758
S19_Sess05_FB066,0.75
S19_Sess05_FB067,0.834
S19_Sess05_FB068,0.834
S19_Sess05_FB069,0.76
S19_Sess05_FB070,0.68
S19_Sess05_FB071,0.752
S19_Sess05_FB072,0.632
S19_Sess05_FB073,0.648
S19_Sess05_FB074,0.536
S19_Sess05_FB075,0.838
S19_Sess05_FB076,0.76
S19_Sess05_FB077,0.8
S19_Sess05_FB078,0.772
S19_Sess05_FB079,0.806
S19_Sess05_FB080,0.736
S19_Sess05_FB081,0.708
S19_Sess05_FB082,0.73
S19_Sess05_FB083,0.666
S19_Sess05_FB084,0.74
S19_Sess05_FB085,0.73
S19_Sess05_FB086,0.718
S19_Sess05_FB087,0.654
S19_Sess05_FB088,0.74
S19_Sess05_FB089,0.724
S19_Sess05_FB090,0.718
S19_Sess05_FB091,0.714
S19_Sess05_FB092,0.522
S19_Sess05_FB093,0.76
S19_Sess05_FB094,0.762
S19_Sess05_FB095,0.742
S19_Sess05_FB096,0.62
S19_Sess05_FB097,0.738
S19_Sess05_FB098,0.526
S19_Sess05_FB099,0.698
S19_Sess05_FB100,0.718
S25_Sess01_FB001,0.914
S25_Sess01_FB002,0.762
S25_Sess01_FB003,0.916
S25_Sess01_FB004,0.932
S25_Sess01_FB005,0.71
S25_Sess01_FB006,0.722
S25_Sess01_FB007,0.816
S25_Sess01_FB008,0.922
S25_Sess01_FB009,0.76
S25_Sess01_FB010,0.892
S25_Sess01_FB011,0.878
S25_Sess01_FB012,0.814
S25_Sess01_FB013,0.544
S25_Sess01_FB014,0.584
S25_Sess01_FB015,0.694
S25_Sess01_FB016,0.588
S25_Sess01_FB017,0.66
S25_Sess01_FB018,0.826
S25_Sess01_FB019,0.736
S25_Sess01_FB020,0.754
S25_Sess01_FB021,0.632
S25_Sess01_FB022,0.488
S25_Sess01_FB023,0.806
S25_Sess01_FB024,0.654
S25_Sess01_FB025,0.578
S25_Sess01_FB026,0.772
S25_Sess01_FB027,0.764
S25_Sess01_FB028,0.71
S25_Sess01_FB029,0.678
S25_Sess01_FB030,0.79
S25_Sess01_FB031,0.704
S25_Sess01_FB032,0.526
S25_Sess01_FB033,0.848
S25_Sess01_FB034,0.786
S25_Sess01_FB035,0.862
S25_Sess01_FB036,0.656
S25_Sess01_FB037,0.552
S25_Sess01_FB038,0.748
S25_Sess01_FB039,0.598
S25_Sess01_FB040,0.802
S25_Sess01_FB041,0.654
S25_Sess01_FB042,0.848
S25_Sess01_FB043,0.778
S25_Sess01_FB044,0.858
S25_Sess01_FB045,0.57
S25_Sess01_FB046,0.812
S25_Sess01_FB047,0.922
S25_Sess01_FB048,0.856
S25_Sess01_FB049,0.792
S25_Sess01_FB050,0.896
S25_Sess01_FB051,0.862
S25_Sess01_FB052,0.91
S25_Sess01_FB053,0.898
S25_Sess01_FB054,0.856
S25_Sess01_FB055,0.886
S25_Sess01_FB056,0.922
S25_Sess01_FB057,0.792
S25_Sess01_FB058,0.896
S25_Sess01_FB059,0.906
S25_Sess01_FB060,0.838
S25_Sess02_FB001,0.934
S25_Sess02_FB002,0.788
S25_Sess02_FB003,0.856
S25_Sess02_FB004,0.52
S25_Sess02_FB005,0.716
S25_Sess02_FB006,0.872
S25_Sess02_FB007,0.584
S25_Sess02_FB008,0.91
S25_Sess02_FB009,0.686
S25_Sess02_FB010,0.79
S25_Sess02_FB011,0.554
S25_Sess02_FB012,0.854
S25_Sess02_FB013,0.566
S25_Sess02_FB014,0.624
S25_Sess02_FB015,0.714
S25_Sess02_FB016,0.602
S25_Sess02_FB017,0.706
S25_Sess02_FB018,0.8
S25_Sess02_FB019,0.73
S25_Sess02_FB020,0.71
S25_Sess02_FB021,0.838
S25_Sess02_FB022,0.79
S25_Sess02_FB023,0.778
S25_Sess02_FB024,0.594
S25_Sess02_FB025,0.528
S25_Sess02_FB026,0.782
S25_Sess02_FB027,0.718
S25_Sess02_FB028,0.814
S25_Sess02_FB029,0.652
S25_Sess02_FB030,0.668
S25_Sess02_FB031,0.662
S25_Sess02_FB032,0.68
S25_Sess02_FB033,0.758
S25_Sess02_FB034,0.726
S25_Sess02_FB035,0.756
S25_Sess02_FB036,0.518
S25_Sess02_FB037,0.796
S25_Sess02_FB038,0.928
S25_Sess02_FB039,0.61
S25_Sess02_FB040,0.606
S25_Sess02_FB041,0.778
S25_Sess02_FB042,0.596
S25_Sess02_FB043,0.906
S25_Sess02_FB044,0.562
S25_Sess02_FB045,0.612
S25_Sess02_FB046,0.742
S25_Sess02_FB047,0.8
S25_Sess02_FB048,0.396
S25_Sess02_FB049,0.674
S25_Sess02_FB050,0.878
S25_Sess02_FB051,0.826
S25_Sess02_FB052,0.66
S25_Sess02_FB053,0.766
S25_Sess02_FB054,0.908
S25_Sess02_FB055,0.8
S25_Sess02_FB056,0.844
S25_Sess02_FB057,0.506
S25_Sess02_FB058,0.818
S25_Sess02_FB059,0.942
S25_Sess02_FB060,0.466
S25_Sess03_FB001,0.148
S25_Sess03_FB002,0.148
S25_Sess03_FB003,0.148
S25_Sess03_FB004,0.148
S25_Sess03_FB005,0.148
S25_Sess03_FB006,0.148
S25_Sess03_FB007,0.148
S25_Sess03_FB008,0.148
S25_Sess03_FB009,0.148
S25_Sess03_FB010,0.148
S25_Sess03_FB011,0.148
S25_Sess03_FB012,0.148
S25_Sess03_FB013,0.16
S25_Sess03_FB014,0.626
S25_Sess03_FB015,0.878
S25_Sess03_FB016,0.95
S25_Sess03_FB017,0.938
S25_Sess03_FB018,0.79
S25_Sess03_FB019,0.804
S25_Sess03_FB020,0.908
S25_Sess03_FB021,0.6
S25_Sess03_FB022,0.884
S25_Sess03_FB023,0.628
S25_Sess03_FB024,0.804
S25_Sess03_FB025,0.816
S25_Sess03_FB026,0.664
S25_Sess03_FB027,0.748
S25_Sess03_FB028,0.754
S25_Sess03_FB029,0.832
S25_Sess03_FB030,0.714
S25_Sess03_FB031,0.468
S25_Sess03_FB032,0.774
S25_Sess03_FB033,0.55
S25_Sess03_FB034,0.688
S25_Sess03_FB035,0.778
S25_Sess03_FB036,0.978
S25_Sess03_FB037,0.96
S25_Sess03_FB038,0.828
S25_Sess03_FB039,0.772
S25_Sess03_FB040,0.624
S25_Sess03_FB041,0.986
S25_Sess03_FB042,0.63
S25_Sess03_FB043,0.788
S25_Sess03_FB044,0.688
S25_Sess03_FB045,0.93
S25_Sess03_FB046,0.796
S25_Sess03_FB047,0.878
S25_Sess03_FB048,0.866
S25_Sess03_FB049,0.866
S25_Sess03_FB050,0.92
S25_Sess03_FB051,0.986
S25_Sess03_FB052,0.978
S25_Sess03_FB053,0.978
S25_Sess03_FB054,0.846
S25_Sess03_FB055,0.85
S25_Sess03_FB056,0.844
S25_Sess03_FB057,0.85
S25_Sess03_FB058,0.836
S25_Sess03_FB059,0.802
S25_Sess03_FB060,0.804
S25_Sess04_FB001,0.82
S25_Sess04_FB002,0.718
S25_Sess04_FB003,0.746
S25_Sess04_FB004,0.786
S25_Sess04_FB005,0.862
S25_Sess04_FB006,0.704
S25_Sess04_FB007,0.874
S25_Sess04_FB008,0.866
S25_Sess04_FB009,0.832
S25_Sess04_FB010,0.776
S25_Sess04_FB011,0.736
S25_Sess04_FB012,0.786
S25_Sess04_FB013,0.528
S25_Sess04_FB014,0.76
S25_Sess04_FB015,0.524
S25_Sess04_FB016,0.698
S25_Sess04_FB017,0.544
S25_Sess04_FB018,0.622
S25_Sess04_FB019,0.582
S25_Sess04_FB020,0.788
S25_Sess04_FB021,0.724
S25_Sess04_FB022,0.91
S25_Sess04_FB023,0.538
S25_Sess04_FB024,0.734
S25_Sess04_FB025,0.8
S25_Sess04_FB026,0.802
S25_Sess04_FB027,0.53
S25_Sess04_FB028,0.558
S25_Sess04_FB029,0.534
S25_Sess04_FB030,0.722
S25_Sess04_FB031,0.834
S25_Sess04_FB032,0.788
S25_Sess04_FB033,0.708
S25_Sess04_FB034,0.586
S25_Sess04_FB035,0.79
S25_Sess04_FB036,0.666
S25_Sess04_FB037,0.706
S25_Sess04_FB038,0.644
S25_Sess04_FB039,0.932
S25_Sess04_FB040,0.826
S25_Sess04_FB041,0.804
S25_Sess04_FB042,0.624
S25_Sess04_FB043,0.498
S25_Sess04_FB044,0.86
S25_Sess04_FB045,0.856
S25_Sess04_FB046,0.7
S25_Sess04_FB047,0.448
S25_Sess04_FB048,0.624
S25_Sess04_FB049,0.66
S25_Sess04_FB050,0.95
S25_Sess04_FB051,0.922
S25_Sess04_FB052,0.926
S25_Sess04_FB053,0.922
S25_Sess04_FB054,0.56
S25_Sess04_FB055,0.77
S25_Sess04_FB056,0.944
S25_Sess04_FB057,0.85
S25_Sess04_FB058,0.794
S25_Sess04_FB059,0.932
S25_Sess04_FB060,0.838
S25_Sess05_FB001,0.798
S25_Sess05_FB002,0.862
S25_Sess05_FB003,0.826
S25_Sess05_FB004,0.83
S25_Sess05_FB005,0.836
S25_Sess05_FB006,0.848
S25_Sess05_FB007,0.784
S25_Sess05_FB008,0.886
S25_Sess05_FB009,0.772
S25_Sess05_FB010,0.788
S25_Sess05_FB011,0.782
S25_Sess05_FB012,0.728
S25_Sess05_FB013,0.802
S25_Sess05_FB014,0.776
S25_Sess05_FB015,0.846
S25_Sess05_FB016,0.86
S25_Sess05_FB017,0.764
S25_Sess05_FB018,0.758
S25_Sess05_FB019,0.714
S25_Sess05_FB020,0.894
S25_Sess05_FB021,0.786
S25_Sess05_FB022,0.78
S25_Sess05_FB023,0.808
S25_Sess05_FB024,0.596
S25_Sess05_FB025,0.734
S25_Sess05_FB026,0.814
S25_Sess05_FB027,0.668
S25_Sess05_FB028,0.838
S25_Sess05_FB029,0.688
S25_Sess05_FB030,0.866
S25_Sess05_FB031,0.676
S25_Sess05_FB032,0.7
S25_Sess05_FB033,0.932
S25_Sess05_FB034,0.92
S25_Sess05_FB035,0.714
S25_Sess05_FB036,0.502
S25_Sess05_FB037,0.762
S25_Sess05_FB038,0.69
S25_Sess05_FB039,0.7
S25_Sess05_FB040,0.75
S25_Sess05_FB041,0.616
S25_Sess05_FB042,0.796
S25_Sess05_FB043,0.842
S25_Sess05_FB044,0.678
S25_Sess05_FB045,0.79
S25_Sess05_FB046,0.836
S25_Sess05_FB047,0.844
S25_Sess05_FB048,0.788
S25_Sess05_FB049,0.834
S25_Sess05_FB050,0.85
S25_Sess05_FB051,0.786
S25_Sess05_FB052,0.786
S25_Sess05_FB053,0.752
S25_Sess05_FB054,0.784
S25_Sess05_FB055,0.536
S25_Sess05_FB056,0.61
S25_Sess05_FB057,0.818
S25_Sess05_FB058,0.836
S25_Sess05_FB059,0.844
S25_Sess05_FB060,0.724
S25_Sess05_FB061,0.616
S25_Sess05_FB062,0.794
S25_Sess05_FB063,0.812
S25_Sess05_FB064,0.788
S25_Sess05_FB065,0.878
S25_Sess05_FB066,0.78
S25_Sess05_FB067,0.69
S25_Sess05_FB068,0.75
S25_Sess05_FB069,0.664
S25_Sess05_FB070,0.794
S25_Sess05_FB071,0.764
S25_Sess05_FB072,0.62
S25_Sess05_FB073,0.732
S25_Sess05_FB074,0.602
S25_Sess05_FB075,0.742
S25_Sess05_FB076,0.89
S25_Sess05_FB077,0.87
S25_Sess05_FB078,0.844
S25_Sess05_FB079,0.822
S25_Sess05_FB080,0.76
S25_Sess05_FB081,0.734
S25_Sess05_FB082,0.824
S25_Sess05_FB083,0.744
S25_Sess05_FB084,0.698
S25_Sess05_FB085,0.886
S25_Sess05_FB086,0.738
S25_Sess05_FB087,0.81
S25_Sess05_FB088,0.74
S25_Sess05_FB089,0.902
S25_Sess05_FB090,0.802
S25_Sess05_FB091,0.884
S25_Sess05_FB092,0.886
S25_Sess05_FB093,0.636
S25_Sess05_FB094,0.774
S25_Sess05_FB095,0.564
S25_Sess05_FB096,0.832
S25_Sess05_FB097,0.69
S25_Sess05_FB098,0.858
S25_Sess05_FB099,0.814
S25_Sess05_FB100,0.5
